review_text,image_path,audio_path,tech_empowerment,visitor_experience,cultural_value,economic_social_gain,q1,q10,q11,q12,q13,q14,q15,q16,q2,q3,q4,q5,q6,q7,q8,q9,q17,q18,q19,q20,提交答卷时间,所用时间,来源,来源详情,17. 这项服务让不同年龄、语言或身体条件的人更容易参与文旅活动。,19. 如果下次再次到访，我愿意继续使用这项服务，并愿意向亲友推荐它。,21. 如果您觉得这次AI文旅体验不舒适，请具体说明:不舒适发生在什么场景或哪项功能中?主要原因是什么?您出现了哪些身体或心理感受（如眩晕、眼疲劳、头痛、紧张、信息过载、被打扰、缺少真实感、隐私担忧等）?您希望如何改进?【开放题】,valid_items,target_score
(空),,,20.0,20.0,20.0,20.0,1,1,1,1,1,1,1,1,1,1,1,1,1,1,1,1,1,1,1,1,2026/8/6 17:39:27,37秒,微信,,1,1,(空),16,20.0
无需改进,,,25.0,20.0,20.0,20.0,2,1,1,1,1,1,1,1,1,1,1,1,1,1,1,1,1,2,1,1,2026/8/6 17:43:11,157秒,微信,,1,1,无需改进,16,21.25
无,,,20.0,20.0,20.0,20.0,1,1,1,1,1,1,1,1,1,1,1,1,1,1,1,1,1,1,1,1,2026/8/6 17:43:33,33秒,手机提交,直接访问,1,1,无,16,20.0
(空),,,45.0,40.0,40.0,40.0,3,2,2,2,2,2,2,2,2,2,2,2,2,2,2,2,2,2,2,2,2026/8/6 17:43:34,36秒,手机提交,直接访问,2,2,(空),16,41.25
无,,,20.0,20.0,20.0,20.0,1,1,1,1,1,1,1,1,1,1,1,1,1,1,1,1,1,1,1,1,2026/8/6 17:43:44,42秒,手机提交,直接访问,1,1,无,16,20.0
无,,,25.0,50.0,35.0,25.0,1,1,2,2,1,1,2,1,1,1,2,2,1,5,2,2,1,1,2,2,2026/8/6 17:43:59,45秒,手机提交,直接访问,1,2,无,16,35.0
(空),,,20.0,20.0,20.0,20.0,1,1,1,1,1,1,1,1,1,1,1,1,1,1,1,1,1,1,1,1,2026/8/6 17:44:18,28秒,微信,,1,1,(空),16,20.0
继续努力,,,20.0,20.0,20.0,20.0,1,1,1,1,1,1,1,1,1,1,1,1,1,1,1,1,1,1,1,1,2026/8/6 17:44:22,44秒,手机提交,直接访问,1,1,继续努力,16,20.0
(空),,,45.0,55.0,40.0,40.0,1,2,2,2,2,2,2,2,3,3,2,3,3,3,2,2,2,2,2,2,2026/8/6 17:44:37,100秒,手机提交,直接访问,2,2,(空),16,45.75
无,,,20.0,20.0,20.0,20.0,1,1,1,1,1,1,1,1,1,1,1,1,1,1,1,1,1,1,1,1,2026/8/6 17:44:58,34秒,手机提交,直接访问,1,1,无,16,20.0
无,,,35.0,30.0,45.0,30.0,2,3,2,2,2,1,2,1,2,2,1,1,2,2,1,2,2,2,2,1,2026/8/6 17:45:09,84秒,微信,,2,2,无,16,35.0
整体体验较为良好，未产生眩晕、头痛等生理不适。部分AI讲解信息输出偏多，偶尔存在信息过载。希望后续可以增加内容精简模式，可由游客自主调节讲解信息的详略程度。,,,25.0,20.0,30.0,20.0,2,2,2,1,1,1,1,1,1,1,1,1,1,1,1,1,1,1,1,1,2026/8/6 17:45:15,114秒,手机提交,直接访问,1,1,整体体验较为良好，未产生眩晕、头痛等生理不适。部分AI讲解信息输出偏多，偶尔存在信息过载。希望后续可以增加内容精简模式，可由游客自主调节讲解信息的详略程度。,16,23.75
(空),,,35.0,35.0,30.0,35.0,2,1,2,1,2,2,1,2,2,1,2,2,1,3,1,2,2,2,1,2,2026/8/6 17:45:34,26秒,微信,,2,1,(空),16,33.75
无,,,40.0,40.0,40.0,40.0,2,2,2,2,2,2,2,2,2,2,2,2,2,2,2,2,2,2,2,2,2026/8/6 17:45:35,78秒,手机提交,直接访问,2,2,无,16,40.0
(空),,,35.0,40.0,35.0,25.0,2,2,2,1,1,1,2,1,2,1,2,2,2,2,2,2,2,2,2,2,2026/8/6 17:45:43,38秒,微信,,2,2,(空),16,34.5
无,,,20.0,20.0,20.0,20.0,1,1,1,1,1,1,1,1,1,1,1,1,1,1,1,1,1,1,1,1,2026/8/6 17:45:45,27秒,手机提交,直接访问,1,1,无,16,20.0
无,,,20.0,20.0,20.0,20.0,1,1,1,1,1,1,1,1,1,1,1,1,1,1,1,1,1,1,1,1,2026/8/6 17:46:03,180秒,手机提交,直接访问,1,1,无,16,20.0
无,,,20.0,20.0,20.0,20.0,1,1,1,1,1,1,1,1,1,1,1,1,1,1,1,1,1,1,1,1,2026/8/6 17:46:03,75秒,手机提交,直接访问,1,1,无,16,20.0
(空),,,55.0,50.0,25.0,45.0,2,1,1,2,3,2,2,2,3,3,3,3,3,1,3,1,2,3,2,2,2026/8/6 17:47:08,157秒,手机提交,直接访问,2,2,(空),16,44.0
不舒适发生在浏览AI生成景点画面的功能。主要原因为长时间观看屏幕，画面切换较快。身体感受出现眼疲劳。希望改进：增加护眼模式，可手动调节画面切换速度。,,,40.0,50.0,30.0,35.0,2,2,1,1,2,2,2,1,2,2,2,3,2,3,2,2,1,1,2,1,2026/8/6 17:47:29,140秒,微信,,1,2,不舒适发生在浏览AI生成景点画面的功能。主要原因为长时间观看屏幕，画面切换较快。身体感受出现眼疲劳。希望改进：增加护眼模式，可手动调节画面切换速度。,16,39.5
无,,,20.0,20.0,20.0,20.0,1,1,1,1,1,1,1,1,1,1,1,1,1,1,1,1,1,1,1,1,2026/8/6 17:47:34,35秒,微信,,1,1,无,16,20.0
无,,,20.0,20.0,20.0,20.0,1,1,1,1,1,1,1,1,1,1,1,1,1,1,1,1,1,1,1,1,2026/8/6 17:47:45,170秒,手机提交,直接访问,1,1,无,16,20.0
出现视觉疲劳，希望增加趣味性,,,30.0,40.0,25.0,35.0,1,1,2,1,2,1,2,2,1,2,2,2,1,2,3,1,2,2,3,2,2026/8/6 17:47:47,149秒,微信,,2,3,出现视觉疲劳，希望增加趣味性,16,32.75
Very very good,,,20.0,20.0,20.0,20.0,1,1,1,1,1,1,1,1,1,1,1,1,1,1,1,1,1,1,1,1,2026/8/6 17:47:52,55秒,手机提交,直接访问,1,1,Very very good,16,20.0
挺好,,,40.0,40.0,40.0,40.0,2,2,2,2,2,2,2,2,2,2,2,2,2,2,2,2,2,2,2,2,2026/8/6 17:48:20,172秒,微信,,2,2,挺好,16,40.0
(空),,,40.0,40.0,40.0,40.0,2,2,2,2,2,2,2,2,2,2,2,2,2,2,2,2,2,2,2,2,2026/8/6 17:48:31,28秒,手机提交,直接访问,2,2,(空),16,40.0
很完美,,,20.0,20.0,20.0,20.0,1,1,1,1,1,1,1,1,1,1,1,1,1,1,1,1,1,1,1,1,2026/8/6 17:50:14,130秒,微信,,1,1,很完美,16,20.0
(空),,,20.0,20.0,20.0,20.0,1,1,1,1,1,1,1,1,1,1,1,1,1,1,1,1,1,1,1,1,2026/8/6 17:50:37,450秒,手机提交,直接访问,1,1,(空),16,20.0
无,,,20.0,20.0,20.0,25.0,1,1,1,1,1,1,1,2,1,1,1,1,1,1,1,1,1,1,1,2,2026/8/6 17:51:09,40秒,微信,,1,1,无,16,21.0
无,,,60.0,40.0,25.0,30.0,4,1,1,1,2,1,1,2,3,3,2,2,2,2,2,2,1,2,2,2,2026/8/6 17:53:33,69秒,微信,,1,2,无,16,39.25
(空),,,55.0,45.0,40.0,50.0,1,2,2,2,2,3,3,2,2,4,4,3,2,2,2,2,3,4,3,2,2026/8/6 17:54:47,89秒,微信,,3,3,(空),16,47.25
(空),,,45.0,45.0,45.0,45.0,2,2,2,3,2,1,3,3,2,2,3,3,2,2,2,2,2,1,1,2,2026/8/6 17:55:22,52秒,微信,,2,1,(空),16,45.0
无,,,45.0,40.0,35.0,20.0,3,2,2,1,1,1,1,1,2,2,2,2,2,2,2,2,1,1,1,1,2026/8/6 17:55:22,95秒,手机提交,直接访问,1,1,无,16,36.0
(空),,,20.0,20.0,20.0,20.0,1,1,1,1,1,1,1,1,1,1,1,1,1,1,1,1,1,1,1,1,2026/8/6 17:56:07,24秒,微信,,1,1,(空),16,20.0
(空),,,20.0,20.0,20.0,20.0,1,1,1,1,1,1,1,1,1,1,1,1,1,1,1,1,1,1,1,1,2026/8/6 17:56:18,25秒,微信,,1,1,(空),16,20.0
(空),,,20.0,20.0,20.0,20.0,1,1,1,1,1,1,1,1,1,1,1,1,1,1,1,1,1,1,1,1,2026/8/6 17:56:32,34秒,微信,,1,1,(空),16,20.0
没有,,,25.0,20.0,20.0,20.0,1,1,1,1,1,1,1,1,1,2,1,1,1,1,1,1,1,1,1,1,2026/8/6 17:56:50,135秒,手机提交,直接访问,1,1,没有,16,21.25
无,,,20.0,20.0,20.0,20.0,1,1,1,1,1,1,1,1,1,1,1,1,1,1,1,1,1,1,1,1,2026/8/6 17:57:03,68秒,微信,,1,1,无,16,20.0
无,,,20.0,20.0,20.0,20.0,1,1,1,1,1,1,1,1,1,1,1,1,1,1,1,1,1,1,1,1,2026/8/6 17:57:03,92秒,微信,,1,1,无,16,20.0
无,,,20.0,20.0,20.0,20.0,1,1,1,1,1,1,1,1,1,1,1,1,1,1,1,1,1,1,1,1,2026/8/6 17:57:03,75秒,微信,,1,1,无,16,20.0
(空),,,20.0,20.0,20.0,20.0,1,1,1,1,1,1,1,1,1,1,1,1,1,1,1,1,1,1,1,1,2026/8/6 17:57:34,38秒,微信,,1,1,(空),16,20.0
无,,,20.0,20.0,20.0,20.0,1,1,1,1,1,1,1,1,1,1,1,1,1,1,1,1,1,1,1,1,2026/8/6 17:57:54,27秒,手机提交,直接访问,1,1,无,16,20.0
无,,,25.0,20.0,20.0,20.0,1,1,1,1,1,1,1,1,1,2,1,1,1,1,1,1,1,1,1,1,2026/8/6 17:58:02,97秒,微信,,1,1,无,16,21.25
(空),,,40.0,40.0,40.0,40.0,2,2,2,2,2,2,2,2,2,2,2,2,2,2,2,2,2,2,2,2,2026/8/6 17:58:04,33秒,手机提交,直接访问,2,2,(空),16,40.0
(空),,,20.0,20.0,20.0,20.0,1,1,1,1,1,1,1,1,1,1,1,1,1,1,1,1,1,1,1,1,2026/8/6 17:58:29,64秒,微信,,1,1,(空),16,20.0
(空),,,60.0,60.0,60.0,60.0,3,3,3,3,3,3,3,3,3,3,3,3,3,3,3,3,3,3,3,3,2026/8/6 17:58:43,56秒,手机提交,直接访问,3,3,(空),16,60.0
无,,,20.0,20.0,20.0,20.0,1,1,1,1,1,1,1,1,1,1,1,1,1,1,1,1,1,1,1,1,2026/8/6 17:59:08,99秒,微信,,1,1,无,16,20.0
无,,,20.0,30.0,30.0,45.0,1,1,2,1,2,3,2,2,1,1,1,2,1,2,1,2,2,1,1,1,2026/8/6 17:59:22,97秒,手机提交,直接访问,2,1,无,16,30.5
无,,,20.0,20.0,20.0,20.0,1,1,1,1,1,1,1,1,1,1,1,1,1,1,1,1,1,1,1,1,2026/8/6 17:59:37,190秒,微信,,1,1,无,16,20.0
无,,,30.0,25.0,20.0,20.0,2,1,1,1,1,1,1,1,1,2,1,1,1,2,1,1,1,1,1,1,2026/8/6 17:59:52,173秒,手机提交,直接访问,1,1,无,16,24.0
无,,,20.0,20.0,20.0,20.0,1,1,1,1,1,1,1,1,1,1,1,1,1,1,1,1,1,1,1,1,2026/8/6 18:00:31,209秒,手机提交,直接访问,1,1,无,16,20.0
(空),,,40.0,40.0,40.0,40.0,2,2,2,2,2,2,2,2,2,2,2,2,2,2,2,2,2,2,2,2,2026/8/6 18:01:14,77秒,微信,,2,2,(空),16,40.0
无,,,20.0,20.0,20.0,20.0,1,1,1,1,1,1,1,1,1,1,1,1,1,1,1,1,1,1,1,1,2026/8/6 18:03:28,140秒,手机提交,直接访问,1,1,无,16,20.0
无,,,60.0,40.0,45.0,40.0,4,2,2,3,2,2,2,2,3,3,2,2,1,3,2,2,2,2,2,2,2026/8/6 18:03:34,57秒,手机提交,直接访问,2,2,无,16,46.25
(空),,,60.0,60.0,60.0,60.0,3,3,3,3,3,3,3,3,3,3,3,3,3,3,3,3,3,3,3,3,2026/8/6 18:03:40,62秒,微信,,3,3,(空),16,60.0
暂无,,,35.0,50.0,40.0,40.0,2,2,2,2,2,2,2,2,1,2,2,3,3,2,2,2,2,2,2,2,2026/8/6 18:03:45,349秒,手机提交,直接访问,2,2,暂无,16,41.75
太棒了 没有任何问题,,,20.0,20.0,20.0,20.0,1,1,1,1,1,1,1,1,1,1,1,1,1,1,1,1,1,1,1,1,2026/8/6 18:03:58,102秒,微信,,1,1,太棒了 没有任何问题,16,20.0
太棒了没有任何问题啊,,,20.0,20.0,20.0,20.0,1,1,1,1,1,1,1,1,1,1,1,1,1,1,1,1,1,1,1,1,2026/8/6 18:03:58,91秒,微信,,1,1,太棒了没有任何问题啊,16,20.0
(空),,,20.0,20.0,20.0,20.0,1,1,1,1,1,1,1,1,1,1,1,1,1,1,1,1,1,1,1,1,2026/8/6 18:04:35,25秒,手机提交,直接访问,1,1,(空),16,20.0
无,,,20.0,50.0,50.0,40.0,1,3,2,2,2,2,2,2,1,1,1,2,2,3,3,3,2,2,3,2,2026/8/6 18:04:44,48秒,微信,,2,3,无,16,40.5
有时候眼疲劳,,,50.0,40.0,40.0,40.0,4,2,2,2,2,2,2,2,2,2,2,2,2,2,2,2,2,2,2,2,2026/8/6 18:04:52,215秒,微信,,2,2,有时候眼疲劳,16,42.5
(空),,,45.0,40.0,45.0,40.0,3,2,2,2,2,2,2,2,2,2,2,2,2,2,2,3,2,2,2,2,2026/8/6 18:06:05,76秒,微信,,2,2,(空),16,42.5
无,,,20.0,20.0,20.0,20.0,1,1,1,1,1,1,1,1,1,1,1,1,1,1,1,1,1,1,1,1,2026/8/6 18:06:06,85秒,微信,,1,1,无,16,20.0
无,,,20.0,20.0,20.0,20.0,1,1,1,1,1,1,1,1,1,1,1,1,1,1,1,1,1,1,1,1,2026/8/6 18:06:13,95秒,微信,,1,1,无,16,20.0
(空),,,20.0,20.0,20.0,20.0,1,1,1,1,1,1,1,1,1,1,1,1,1,1,1,1,1,1,1,1,2026/8/6 18:06:18,69秒,微信,,1,1,(空),16,20.0
(空),,,40.0,35.0,35.0,30.0,2,2,2,2,1,1,2,2,2,2,2,1,2,2,2,1,2,2,1,3,2026/8/6 18:08:16,45秒,微信,,2,1,(空),16,35.25
无,,,40.0,40.0,40.0,40.0,2,2,2,2,2,2,2,2,2,2,2,2,2,2,2,2,2,2,3,2,2026/8/6 18:08:20,90秒,手机提交,直接访问,2,3,无,16,40.0
(空),,,40.0,40.0,35.0,40.0,2,2,1,2,2,2,2,2,2,2,2,2,2,2,2,2,2,2,2,2,2026/8/6 18:09:04,159秒,手机提交,直接访问,2,2,(空),16,38.75
光,,,40.0,40.0,40.0,40.0,2,2,2,2,2,2,2,2,2,2,2,2,2,2,2,2,2,3,1,3,2026/8/6 18:09:10,33秒,微信,,2,1,光,16,40.0
(空),,,20.0,20.0,20.0,20.0,1,1,1,1,1,1,1,1,1,1,1,1,1,1,1,1,1,1,1,1,2026/8/6 18:09:26,319秒,手机提交,直接访问,1,1,(空),16,20.0
无,,,20.0,20.0,20.0,20.0,1,1,1,1,1,1,1,1,1,1,1,1,1,1,1,1,1,1,1,1,2026/8/6 18:09:51,32秒,手机提交,直接访问,1,1,无,16,20.0
(空),,,30.0,35.0,35.0,45.0,1,2,1,1,2,2,3,2,2,1,2,3,1,2,1,3,2,2,2,2,2026/8/6 18:10:45,123秒,手机提交,直接访问,2,2,(空),16,35.75
无,,,20.0,20.0,20.0,20.0,1,1,1,1,1,1,1,1,1,1,1,1,1,1,1,1,1,1,1,1,2026/8/6 18:12:57,44秒,微信,,1,1,无,16,20.0
无,,,20.0,20.0,20.0,20.0,1,1,1,1,1,1,1,1,1,1,1,1,1,1,1,1,1,1,1,1,2026/8/6 18:14:25,29秒,手机提交,直接访问,1,1,无,16,20.0
(空),,,30.0,50.0,75.0,50.0,1,4,4,3,3,3,2,2,1,2,2,3,2,2,3,4,2,3,2,4,2026/8/6 18:14:55,19秒,微信,,2,2,(空),16,51.25
(空),,,25.0,20.0,20.0,20.0,1,1,1,1,1,1,1,1,1,1,2,1,1,1,1,1,1,1,1,1,2026/8/6 18:15:08,80秒,手机提交,直接访问,1,1,(空),16,21.25
无,,,20.0,20.0,20.0,20.0,1,1,1,1,1,1,1,1,1,1,1,1,1,1,1,1,1,1,1,1,2026/8/6 18:15:20,221秒,微信,,1,1,无,16,20.0
无,,,20.0,20.0,20.0,20.0,1,1,1,1,1,1,1,1,1,1,1,1,1,1,1,1,1,1,1,1,2026/8/6 18:15:24,34秒,手机提交,直接访问,1,1,无,16,20.0
(空),,,20.0,20.0,20.0,20.0,1,1,1,1,1,1,1,1,1,1,1,1,1,1,1,1,1,1,1,1,2026/8/6 18:15:50,46秒,微信,,1,1,(空),16,20.0
(空),,,20.0,20.0,20.0,20.0,1,1,1,1,1,1,1,1,1,1,1,1,1,1,1,1,1,1,1,1,2026/8/6 18:17:12,27秒,微信,,1,1,(空),16,20.0
(空),,,40.0,40.0,30.0,30.0,2,2,1,1,1,1,2,2,2,2,2,2,2,2,2,2,2,2,2,2,2026/8/6 18:17:55,66秒,手机提交,直接访问,2,2,(空),16,35.5
(空),,,40.0,40.0,40.0,35.0,2,2,2,2,2,2,2,1,2,2,2,2,2,2,2,2,1,2,2,2,2026/8/6 18:18:19,784秒,手机提交,直接访问,1,2,(空),16,39.0
(空),,,20.0,20.0,20.0,20.0,1,1,1,1,1,1,1,1,1,1,1,1,1,1,1,1,1,1,1,1,2026/8/6 18:18:48,25秒,手机提交,直接访问,1,1,(空),16,20.0
暂无,,,35.0,45.0,40.0,40.0,2,2,2,2,2,2,2,2,2,1,2,2,2,3,2,2,2,3,2,3,2026/8/6 18:18:58,135秒,手机提交,直接访问,2,2,暂无,16,40.25
(空),,,20.0,20.0,20.0,20.0,1,1,1,1,1,1,1,1,1,1,1,1,1,1,1,1,1,1,1,1,2026/8/6 18:19:49,26秒,微信,,1,1,(空),16,20.0
(空),,,40.0,40.0,45.0,40.0,2,3,2,3,1,2,2,3,2,2,2,2,2,2,2,1,2,2,2,2,2026/8/6 18:21:16,84秒,手机提交,直接访问,2,2,(空),16,41.25
(空),,,60.0,60.0,50.0,40.0,3,3,2,2,2,2,2,2,3,3,3,3,3,3,3,3,2,2,2,2,2026/8/6 18:22:13,39秒,微信,,2,2,(空),16,53.5
(空),,,20.0,20.0,20.0,20.0,1,1,1,1,1,1,1,1,1,1,1,1,1,1,1,1,1,1,1,1,2026/8/6 18:22:21,53秒,微信,,1,1,(空),16,20.0
(空),,,20.0,20.0,20.0,20.0,1,1,1,1,1,1,1,1,1,1,1,1,1,1,1,1,1,1,1,1,2026/8/6 18:24:04,148秒,微信,,1,1,(空),16,20.0
(空),,,20.0,20.0,20.0,20.0,1,1,1,1,1,1,1,1,1,1,1,1,1,1,1,1,1,1,1,1,2026/8/6 18:25:42,243秒,微信,,1,1,(空),16,20.0
(空),,,20.0,25.0,20.0,35.0,1,1,1,1,2,2,2,1,1,1,1,2,1,1,1,1,1,2,1,2,2026/8/6 18:26:25,37秒,微信,,1,1,(空),16,24.5
无,,,45.0,40.0,65.0,60.0,2,3,4,2,2,4,4,2,2,3,2,2,1,3,2,4,2,3,2,3,2026/8/6 18:26:44,35秒,微信,,2,2,无,16,51.5
无,,,30.0,50.0,55.0,45.0,1,3,3,3,1,2,3,3,2,1,2,2,2,3,3,2,3,2,2,1,2026/8/6 18:27:16,22秒,微信,,3,2,无,16,45.25
(空),,,50.0,50.0,40.0,45.0,2,2,2,2,2,2,2,3,2,3,3,3,2,3,2,2,2,4,3,3,2026/8/6 18:28:03,138秒,微信,,2,3,(空),16,46.5
无,,,20.0,20.0,20.0,20.0,1,1,1,1,1,1,1,1,1,1,1,1,1,1,1,1,1,2,2,2,2026/8/6 18:28:28,41秒,微信,,1,2,无,16,20.0
无,,,50.0,45.0,60.0,35.0,1,4,2,2,1,1,2,3,3,4,2,2,2,3,2,4,2,2,3,2,2026/8/6 18:28:32,42秒,微信,,2,3,无,16,48.0
无,,,25.0,45.0,35.0,25.0,1,1,1,2,2,1,1,1,1,1,2,3,2,2,2,3,1,3,2,2,2026/8/6 18:28:40,33秒,微信,,1,2,无,16,33.5
(空),,,30.0,65.0,60.0,55.0,1,3,3,3,3,2,2,4,1,2,2,3,3,3,4,3,2,3,2,3,2026/8/6 18:29:16,29秒,微信,,2,2,(空),16,53.0
无,,,20.0,20.0,20.0,35.0,1,1,1,1,2,2,2,1,1,1,1,1,1,1,1,1,1,1,1,1,2026/8/6 18:29:17,23秒,微信,,1,1,无,16,23.0
(空),,,20.0,30.0,25.0,20.0,1,1,1,1,1,1,1,1,1,1,1,1,1,2,2,2,1,1,1,1,2026/8/6 18:30:12,38秒,微信,,1,1,(空),16,24.25
无,,,45.0,40.0,40.0,40.0,3,2,2,2,2,2,2,2,2,2,2,2,2,2,2,2,2,2,3,2,2026/8/6 18:30:55,267秒,手机提交,直接访问,2,3,无,16,41.25
(空),,,30.0,20.0,35.0,20.0,2,1,2,2,1,1,1,1,1,2,1,1,1,1,1,2,1,2,1,2,2026/8/6 18:31:10,154秒,微信,,1,1,(空),16,26.25
无,,,20.0,20.0,35.0,25.0,1,2,2,2,1,1,2,1,1,1,1,1,1,1,1,1,1,1,1,1,2026/8/6 18:31:13,28秒,微信,,1,1,无,16,24.75
(空),,,40.0,30.0,20.0,20.0,2,1,1,1,1,1,1,1,2,2,2,2,2,1,1,1,1,1,1,1,2026/8/6 18:32:58,272秒,微信,,1,1,(空),16,28.0
(空),,,20.0,20.0,20.0,20.0,1,1,1,1,1,1,1,1,1,1,1,1,1,1,1,1,1,1,1,1,2026/8/6 18:35:36,214秒,微信,,1,1,(空),16,20.0
无,,,60.0,60.0,50.0,45.0,3,2,3,3,2,2,3,2,3,3,3,3,3,3,3,2,2,3,2,3,2026/8/6 18:36:04,209秒,微信,,2,2,无,16,54.5
无,,,40.0,40.0,40.0,40.0,2,2,2,2,2,2,2,2,2,2,2,2,2,2,2,2,2,2,2,2,2026/8/6 18:36:53,186秒,微信,,2,2,无,16,40.0
无,,,20.0,20.0,20.0,20.0,1,1,1,1,1,1,1,1,1,1,1,1,1,1,1,1,1,1,1,1,2026/8/6 18:36:57,155秒,微信,,1,1,无,16,20.0
(空),,,40.0,30.0,40.0,35.0,2,2,2,2,2,2,1,2,2,2,2,1,1,2,2,2,2,2,2,1,2026/8/6 18:38:05,198秒,微信,,2,2,(空),16,36.0
无,,,60.0,60.0,60.0,60.0,3,3,3,3,3,3,3,3,3,3,3,3,3,3,3,3,3,3,3,3,2026/8/6 18:38:16,45秒,微信,,3,3,无,16,60.0
(空),,,20.0,20.0,20.0,20.0,1,1,1,1,1,1,1,1,1,1,1,1,1,1,1,1,1,1,1,1,2026/8/6 18:39:03,118秒,微信,,1,1,(空),16,20.0
无,,,60.0,60.0,60.0,60.0,3,3,3,3,3,3,3,3,3,3,3,3,3,3,3,3,3,3,3,2,2026/8/6 18:39:05,150秒,微信,,3,3,无,16,60.0
(空),,,20.0,20.0,20.0,20.0,1,1,1,1,1,1,1,1,1,1,1,1,1,1,1,1,1,1,1,1,2026/8/6 18:40:01,32秒,手机提交,直接访问,1,1,(空),16,20.0
无,,,20.0,20.0,20.0,20.0,1,1,1,1,1,1,1,1,1,1,1,1,1,1,1,1,1,1,1,1,2026/8/6 18:40:21,22秒,微信,,1,1,无,16,20.0
(空),,,40.0,40.0,40.0,45.0,2,2,2,2,2,2,2,3,2,2,2,2,2,2,2,2,2,2,2,2,2026/8/6 18:40:54,33秒,微信,,2,2,(空),16,41.0
无,,,20.0,20.0,20.0,20.0,1,1,1,1,1,1,1,1,1,1,1,1,1,1,1,1,1,1,1,1,2026/8/6 18:41:06,98秒,微信,,1,1,无,16,20.0
可能对老人不太友好,,,25.0,40.0,40.0,40.0,1,2,2,2,2,2,2,2,1,1,2,2,2,2,2,2,2,2,2,2,2026/8/6 18:41:16,84秒,微信,,2,2,可能对老人不太友好,16,36.25
(空),,,50.0,45.0,45.0,40.0,2,1,3,2,2,1,3,2,3,3,2,2,2,2,3,3,2,2,2,2,2026/8/6 18:41:53,215秒,微信,,2,2,(空),16,45.25
(空),,,20.0,20.0,20.0,20.0,1,1,1,1,1,1,1,1,1,1,1,1,1,1,1,1,1,1,1,1,2026/8/6 18:41:56,26秒,微信,,1,1,(空),16,20.0
(空),,,40.0,40.0,40.0,40.0,2,2,2,2,2,2,2,2,2,2,2,2,2,2,2,2,2,2,2,2,2026/8/6 18:42:18,31秒,微信,,2,2,(空),16,40.0
无,,,20.0,20.0,20.0,20.0,1,1,1,1,1,1,1,1,1,1,1,1,1,1,1,1,1,1,1,1,2026/8/6 18:42:39,306秒,微信,,1,1,无,16,20.0
没有,,,35.0,20.0,20.0,20.0,2,1,1,1,1,1,1,1,1,2,2,1,1,1,1,1,1,1,1,1,2026/8/6 18:42:44,71秒,微信,,1,1,没有,16,23.75
实际上还是要加强引导，老人和小孩不能自由使用,,,50.0,40.0,50.0,45.0,2,2,2,3,2,2,4,1,3,4,1,2,2,2,2,3,2,1,1,2,2026/8/6 18:43:16,258秒,微信,,2,1,实际上还是要加强引导，老人和小孩不能自由使用,16,46.0
(空),,,55.0,50.0,40.0,45.0,2,2,2,2,2,2,3,2,3,3,3,2,2,3,3,2,2,3,2,2,2026/8/6 18:43:23,703秒,微信,,2,2,(空),16,47.75
无,,,20.0,20.0,20.0,20.0,1,1,1,1,1,1,1,1,1,1,1,1,1,1,1,1,1,1,1,1,2026/8/6 18:43:35,46秒,微信,,1,1,无,16,20.0
(空),,,40.0,40.0,40.0,40.0,2,2,2,2,2,2,2,2,2,2,2,2,2,2,2,2,2,2,2,2,2026/8/6 18:45:08,216秒,微信,,2,2,(空),16,40.0
无,,,20.0,20.0,20.0,20.0,1,1,1,1,1,1,1,1,1,1,1,1,1,1,1,1,1,1,1,1,2026/8/6 18:45:20,100秒,微信,,1,1,无,16,20.0
无,,,20.0,20.0,20.0,20.0,1,1,1,1,1,1,1,1,1,1,1,1,1,1,1,1,1,1,1,1,2026/8/6 18:45:32,23秒,微信,,1,1,无,16,20.0
好,,,20.0,20.0,20.0,20.0,1,1,1,1,1,1,1,1,1,1,1,1,1,1,1,1,1,1,1,1,2026/8/6 18:50:12,85秒,微信,,1,1,好,16,20.0
(空),,,20.0,20.0,20.0,20.0,1,1,1,1,1,1,1,1,1,1,1,1,1,1,1,1,1,1,1,1,2026/8/6 18:51:07,23秒,微信,,1,1,(空),16,20.0
(空),,,45.0,55.0,60.0,60.0,2,3,3,3,3,3,3,3,3,2,2,3,2,3,3,3,3,3,3,3,2026/8/6 18:51:48,65秒,微信,,3,3,(空),16,54.75
无,,,35.0,55.0,50.0,30.0,1,3,3,3,2,1,2,1,1,3,2,3,3,3,2,1,2,1,1,1,2026/8/6 18:51:55,206秒,手机提交,直接访问,2,1,无,16,43.75
(空),,,40.0,40.0,45.0,40.0,2,3,2,2,2,2,2,2,2,2,2,2,2,2,2,2,3,3,2,2,2026/8/6 18:52:27,57秒,微信,,3,2,(空),16,41.25
无,,,20.0,20.0,20.0,20.0,1,1,1,1,1,1,1,1,1,1,1,1,1,1,1,1,1,1,1,1,2026/8/6 18:54:28,374秒,微信,,1,1,无,16,20.0
(空),,,20.0,20.0,20.0,20.0,1,1,1,1,1,1,1,1,1,1,1,1,1,1,1,1,1,1,1,1,2026/8/6 18:55:30,56秒,手机提交,直接访问,1,1,(空),16,20.0
无,,,40.0,40.0,40.0,40.0,2,2,2,2,2,2,2,2,2,2,2,2,2,2,2,2,2,2,2,2,2026/8/6 19:00:08,32秒,微信,,2,2,无,16,40.0
无,,,20.0,20.0,20.0,20.0,1,1,1,1,1,1,1,1,1,1,1,1,1,1,1,1,1,1,1,1,2026/8/6 19:01:56,125秒,微信,,1,1,无,16,20.0
(空),,,30.0,20.0,20.0,30.0,1,1,1,1,2,1,2,1,1,2,2,1,1,1,1,1,1,2,1,1,2026/8/6 19:02:07,29秒,微信,,1,1,(空),16,24.5
(空),,,40.0,30.0,20.0,25.0,2,1,1,1,1,1,1,2,2,2,2,2,2,1,1,1,1,1,1,1,2026/8/6 19:03:26,86秒,微信,,1,1,(空),16,29.0
无,,,20.0,20.0,20.0,20.0,1,1,1,1,1,1,1,1,1,1,1,1,1,1,1,1,1,1,1,1,2026/8/6 19:05:42,131秒,手机提交,直接访问,1,1,无,16,20.0
无,,,20.0,20.0,20.0,35.0,1,1,1,1,2,2,1,2,1,1,1,1,1,1,1,1,2,1,2,2,2026/8/6 19:06:04,109秒,微信,,2,2,无,16,23.0
无,,,20.0,20.0,20.0,20.0,1,1,1,1,1,1,1,1,1,1,1,1,1,1,1,1,1,1,1,1,2026/8/6 19:07:39,36秒,微信,,1,1,无,16,20.0
(空),,,60.0,60.0,50.0,55.0,3,3,2,2,4,2,3,2,3,3,3,3,2,3,4,3,2,3,4,3,2026/8/6 19:08:00,23秒,微信,,2,4,(空),16,56.5
(空),,,20.0,20.0,20.0,20.0,1,1,1,1,1,1,1,1,1,1,1,1,1,1,1,1,1,1,1,1,2026/8/6 19:14:52,107秒,微信,,1,1,(空),16,20.0
无,,,35.0,35.0,30.0,20.0,2,3,1,1,1,1,1,1,1,2,2,2,2,2,1,1,2,3,2,2,2026/8/6 19:16:08,108秒,手机提交,直接访问,2,2,无,16,30.75
(空),,,20.0,20.0,20.0,20.0,1,1,1,1,1,1,1,1,1,1,1,1,1,1,1,1,1,2,3,3,2026/8/6 19:16:35,91秒,微信,,1,3,(空),16,20.0
无,,,55.0,45.0,25.0,45.0,3,1,1,1,3,3,2,1,3,1,4,4,2,2,1,2,2,3,2,2,2026/8/6 19:16:43,44秒,微信,,2,2,无,16,42.5
没有不舒适,,,20.0,20.0,20.0,20.0,1,1,1,1,1,1,1,1,1,1,1,1,1,1,1,1,1,2,1,1,2026/8/6 19:16:54,116秒,微信,,1,1,没有不舒适,16,20.0
挺好的,,,45.0,60.0,50.0,30.0,2,4,2,2,2,1,1,2,2,2,3,4,3,3,2,2,2,3,1,2,2026/8/6 19:17:20,160秒,微信,,2,1,挺好的,16,47.75
无,,,20.0,20.0,25.0,25.0,1,1,1,1,1,2,1,1,1,1,1,1,1,1,1,2,2,2,3,1,2026/8/6 19:17:27,23秒,微信,,2,3,无,16,22.25
多考察不同人群的情况，因人而异，多实践多总结,,,20.0,20.0,20.0,20.0,1,1,1,1,1,1,1,1,1,1,1,1,1,1,1,1,1,1,1,1,2026/8/6 19:17:28,119秒,微信,,1,1,多考察不同人群的情况，因人而异，多实践多总结,16,20.0
(空),,,40.0,40.0,40.0,40.0,2,2,2,2,2,2,2,2,2,2,2,2,2,2,2,2,2,2,2,2,2026/8/6 19:17:42,135秒,微信,,2,2,(空),16,40.0
无,,,45.0,40.0,40.0,40.0,3,2,2,2,2,2,2,2,2,2,2,2,2,2,2,2,2,2,2,2,2026/8/6 19:17:52,77秒,微信,,2,2,无,16,41.25
无,,,20.0,20.0,20.0,20.0,1,1,1,1,1,1,1,1,1,1,1,1,1,1,1,1,1,1,1,1,2026/8/6 19:18:41,83秒,微信,,1,1,无,16,20.0
无,,,40.0,40.0,40.0,40.0,2,2,2,2,2,2,2,2,2,2,2,2,2,2,2,2,2,2,2,2,2026/8/6 19:25:24,32秒,微信,,2,2,无,16,40.0
(空),,,35.0,40.0,40.0,40.0,1,2,2,2,2,2,2,2,3,1,2,2,2,2,2,2,2,2,2,2,2026/8/6 19:25:44,76秒,微信,,2,2,(空),16,38.75
(空),,,40.0,25.0,20.0,20.0,2,1,1,1,1,1,1,1,2,2,2,2,1,1,1,1,1,1,1,1,2026/8/6 19:27:32,37秒,手机提交,直接访问,1,1,(空),16,26.5
无,,,20.0,20.0,20.0,20.0,1,1,1,1,1,1,1,1,1,1,1,1,1,1,1,1,1,1,1,1,2026/8/6 19:27:48,48秒,手机提交,直接访问,1,1,无,16,20.0
(空),,,35.0,20.0,20.0,40.0,2,1,1,1,3,1,2,2,1,2,2,1,1,1,1,1,1,3,2,1,2026/8/6 19:28:54,35秒,手机提交,直接访问,1,2,(空),16,27.75
(空),,,20.0,20.0,20.0,20.0,1,1,1,1,1,1,1,1,1,1,1,1,1,1,1,1,1,1,1,1,2026/8/6 19:29:08,83秒,手机提交,直接访问,1,1,(空),16,20.0
(空),,,35.0,40.0,40.0,25.0,2,2,2,2,2,1,1,1,2,2,1,2,2,2,2,2,1,1,1,1,2026/8/6 19:29:32,34秒,手机提交,直接访问,1,1,(空),16,35.75
(空),,,40.0,40.0,55.0,40.0,2,3,3,3,2,2,2,2,2,2,2,2,2,2,2,2,2,2,2,2,2026/8/6 19:30:59,50秒,手机提交,直接访问,2,2,(空),16,43.75
无,,,20.0,20.0,20.0,20.0,1,1,1,1,1,1,1,1,1,1,1,1,1,1,1,1,1,1,1,1,2026/8/6 19:31:43,66秒,微信,,1,1,无,16,20.0
无,,,20.0,30.0,25.0,35.0,1,1,1,2,2,2,2,1,1,1,1,2,1,1,2,1,1,1,1,1,2026/8/6 19:32:01,41秒,手机提交,直接访问,1,1,无,16,27.25
(空),,,55.0,40.0,45.0,50.0,3,2,3,2,2,3,2,3,3,3,2,2,2,2,2,2,2,2,2,2,2026/8/6 19:32:09,64秒,手机提交,直接访问,2,2,(空),16,47.0
(空),,,35.0,35.0,25.0,25.0,2,1,1,1,1,1,1,2,1,2,2,1,1,2,3,2,1,1,1,1,2026/8/6 19:32:11,104秒,手机提交,直接访问,1,1,(空),16,30.5
(空),,,35.0,30.0,30.0,40.0,1,1,1,2,3,1,2,2,2,2,2,2,2,1,1,2,2,2,3,2,2026/8/6 19:35:21,170秒,手机提交,直接访问,2,3,(空),16,33.25
(空),,,20.0,20.0,20.0,20.0,1,1,1,1,1,1,1,1,1,1,1,1,1,1,1,1,1,1,1,1,2026/8/6 19:36:08,32秒,手机提交,直接访问,1,1,(空),16,20.0
没有,,,20.0,20.0,20.0,20.0,1,1,1,1,1,1,1,1,1,1,1,1,1,1,1,1,1,1,1,1,2026/8/6 19:36:16,69秒,手机提交,直接访问,1,1,没有,16,20.0
(空),,,25.0,30.0,30.0,30.0,1,2,1,1,2,1,2,1,2,1,1,1,2,1,2,2,1,1,2,1,2026/8/6 19:36:37,23秒,手机提交,直接访问,1,2,(空),16,28.75
没有的,,,20.0,20.0,20.0,20.0,1,1,1,1,1,1,1,1,1,1,1,1,1,1,1,1,1,1,1,1,2026/8/6 19:37:19,57秒,手机提交,直接访问,1,1,没有的,16,20.0
无,,,45.0,40.0,40.0,45.0,3,2,2,2,2,2,3,2,2,2,2,2,2,2,2,2,2,2,2,2,2026/8/6 19:38:28,54秒,微信,,2,2,无,16,42.25
无,,,40.0,35.0,30.0,35.0,2,1,1,1,2,2,1,2,2,2,2,2,2,1,2,3,1,2,1,3,2026/8/6 19:39:47,89秒,微信,,1,1,无,16,35.0
(空),,,20.0,20.0,20.0,20.0,1,1,1,1,1,1,1,1,1,1,1,1,1,1,1,1,1,1,1,1,2026/8/6 19:47:31,39秒,手机提交,直接访问,1,1,(空),16,20.0
(空),,,20.0,20.0,20.0,20.0,1,1,1,1,1,1,1,1,1,1,1,1,1,1,1,1,1,1,1,1,2026/8/6 19:47:40,529秒,手机提交,直接访问,1,1,(空),16,20.0
暂无,,,40.0,40.0,40.0,40.0,2,2,2,2,2,2,2,2,2,2,2,2,2,2,2,2,2,2,2,2,2026/8/6 19:49:03,26秒,微信,,2,2,暂无,16,40.0
无,,,40.0,40.0,35.0,40.0,2,2,2,2,2,2,2,2,2,2,2,2,2,2,2,1,2,2,2,2,2026/8/6 20:02:18,38秒,微信,,2,2,无,16,38.75
无,,,20.0,20.0,20.0,35.0,1,1,1,1,1,1,1,4,1,1,1,1,1,1,1,1,1,1,1,4,2026/8/6 20:02:48,46秒,微信,,1,1,无,16,23.0
无,,,20.0,20.0,20.0,20.0,1,1,1,1,1,1,1,1,1,1,1,1,1,1,1,1,1,1,1,1,2026/8/6 20:02:51,38秒,微信,,1,1,无,16,20.0
无,,,20.0,20.0,20.0,20.0,1,1,1,1,1,1,1,1,1,1,1,1,1,1,1,1,1,1,1,1,2026/8/6 20:02:52,54秒,微信,,1,1,无,16,20.0
(空),,,30.0,30.0,20.0,25.0,2,1,1,1,2,1,1,1,1,1,2,2,2,1,1,1,2,4,1,1,2026/8/6 20:04:42,130秒,微信,,2,1,(空),16,26.5
没有什么不适 再接再厉加油呀,,,40.0,35.0,40.0,40.0,2,2,2,2,2,2,2,2,2,2,2,2,1,2,2,2,2,2,1,1,2026/8/6 20:05:03,113秒,微信,,2,1,没有什么不适 再接再厉加油呀,16,38.5
(空),,,45.0,45.0,40.0,45.0,1,3,1,1,3,3,1,2,2,3,3,2,2,2,3,3,2,3,2,2,2026/8/6 20:05:04,113秒,微信,,2,2,(空),16,43.75
没有不舒服,,,20.0,20.0,20.0,20.0,1,1,1,1,1,1,1,1,1,1,1,1,1,1,1,1,1,1,1,1,2026/8/6 20:06:15,250秒,微信,,1,1,没有不舒服,16,20.0
(空),,,30.0,30.0,20.0,25.0,2,1,1,1,2,1,1,1,1,2,1,3,1,1,1,1,3,3,1,1,2026/8/6 20:10:10,169秒,微信,,3,1,(空),16,26.5
(空),,,20.0,20.0,20.0,20.0,1,1,1,1,1,1,1,1,1,1,1,1,1,1,1,1,1,1,1,1,2026/8/6 20:10:46,29秒,微信,,1,1,(空),16,20.0
(空),,,35.0,30.0,25.0,35.0,2,2,1,1,2,2,1,2,2,1,2,1,2,1,2,1,2,1,1,2,2026/8/6 20:11:15,321秒,手机提交,直接访问,2,1,(空),16,31.0
无,,,20.0,20.0,20.0,20.0,1,1,1,1,1,1,1,1,1,1,1,1,1,1,1,1,1,1,1,1,2026/8/6 20:11:19,54秒,微信,,1,1,无,16,20.0
(空),,,20.0,20.0,20.0,20.0,1,1,1,1,1,1,1,1,1,1,1,1,1,1,1,1,1,1,1,1,2026/8/6 20:13:07,128秒,微信,,1,1,(空),16,20.0
(空),,,30.0,30.0,20.0,20.0,1,1,1,1,1,1,1,1,2,1,2,2,1,2,1,1,1,2,1,1,2026/8/6 20:13:18,173秒,微信,,1,1,(空),16,25.5
无,,,20.0,20.0,20.0,20.0,1,1,1,1,1,1,1,1,1,1,1,1,1,1,1,1,1,1,1,1,2026/8/6 20:16:07,713秒,微信,,1,1,无,16,20.0
(空),,,20.0,20.0,20.0,20.0,1,1,1,1,1,1,1,1,1,1,1,1,1,1,1,1,1,1,1,1,2026/8/6 20:21:41,24秒,微信,,1,1,(空),16,20.0
无,,,40.0,35.0,30.0,40.0,2,2,1,2,2,2,2,2,2,2,2,2,2,2,1,1,2,2,2,2,2026/8/6 20:25:00,63秒,微信,,2,2,无,16,36.0
无,,,20.0,20.0,20.0,20.0,1,1,1,1,1,1,1,1,1,1,1,1,1,1,1,1,1,1,1,1,2026/8/6 20:25:52,33秒,微信,,1,1,无,16,20.0
无,,,20.0,20.0,20.0,20.0,1,1,1,1,1,1,1,1,1,1,1,1,1,1,1,1,1,1,1,1,2026/8/6 20:28:57,89秒,微信,,1,1,无,16,20.0
无,,,20.0,20.0,20.0,20.0,1,1,1,1,1,1,1,1,1,1,1,1,1,1,1,1,1,1,1,1,2026/8/6 20:29:51,30秒,微信,,1,1,无,16,20.0
AI反应不够及时，偶尔会理解错意思,,,40.0,40.0,40.0,40.0,2,2,2,2,2,2,2,2,2,2,2,2,2,2,2,2,2,2,2,2,2026/8/6 20:31:44,78秒,手机提交,直接访问,2,2,AI反应不够及时，偶尔会理解错意思,16,40.0
(空),,,20.0,20.0,20.0,20.0,1,1,1,1,1,1,1,1,1,1,1,1,1,1,1,1,1,1,1,1,2026/8/6 20:31:45,57秒,手机提交,直接访问,1,1,(空),16,20.0
(空),,,40.0,40.0,40.0,40.0,2,2,2,2,2,2,2,2,2,2,2,2,2,2,2,2,2,2,2,2,2026/8/6 20:35:56,26秒,手机提交,直接访问,2,2,(空),16,40.0
没有不要舒适的地方,,,35.0,35.0,45.0,40.0,1,2,2,2,2,2,2,2,2,2,2,2,1,2,2,3,2,2,2,2,2026/8/6 20:36:16,167秒,微信,,2,2,没有不要舒适的地方,16,38.5
无,,,30.0,40.0,40.0,40.0,1,2,2,2,2,2,2,2,1,2,2,2,2,2,2,2,2,2,2,2,2026/8/6 20:37:45,44秒,微信,,2,2,无,16,37.5
(空),,,35.0,40.0,45.0,40.0,1,3,2,2,2,2,2,2,2,2,2,2,2,2,2,2,2,2,2,2,2026/8/6 20:40:04,234秒,手机提交,直接访问,2,2,(空),16,40.0
(空),,,25.0,35.0,25.0,30.0,1,2,1,1,2,1,2,1,2,1,1,2,1,2,2,1,1,1,2,2,2026/8/6 20:42:13,36秒,微信,,1,2,(空),16,29.0
(空),,,20.0,20.0,20.0,20.0,1,1,1,1,1,1,1,1,1,1,1,1,1,1,1,1,1,1,1,1,2026/8/6 20:44:03,26秒,手机提交,直接访问,1,1,(空),16,20.0
(空),,,20.0,20.0,20.0,20.0,1,1,1,1,1,1,1,1,1,1,1,1,1,1,1,1,1,1,1,1,2026/8/6 20:44:40,28秒,手机提交,直接访问,1,1,(空),16,20.0
(空),,,20.0,20.0,20.0,20.0,1,1,1,1,1,1,1,1,1,1,1,1,1,1,1,1,1,1,1,1,2026/8/6 21:40:55,42秒,微信,,1,1,(空),16,20.0
(空),,,40.0,40.0,40.0,40.0,2,2,2,2,2,2,2,2,2,2,2,2,2,2,2,2,2,2,2,2,2026/8/6 22:23:35,143秒,手机提交,直接访问,2,2,(空),16,40.0
(空),,,20.0,20.0,20.0,20.0,1,1,1,1,1,1,1,1,1,1,1,1,1,1,1,1,1,1,1,1,2026/8/6 22:31:05,87秒,微信,,1,1,(空),16,20.0
(空),,,40.0,40.0,40.0,40.0,2,2,2,2,2,2,2,2,2,2,2,2,2,2,2,2,2,2,2,2,2026/8/6 22:39:09,125秒,微信,,2,2,(空),16,40.0
(空),,,20.0,20.0,20.0,20.0,1,1,1,1,1,1,1,1,1,1,1,1,1,1,1,1,1,1,1,2,2026/8/6 23:10:35,24秒,微信,,1,1,(空),16,20.0
(空),,,20.0,20.0,20.0,20.0,1,1,1,1,1,1,1,1,1,1,1,1,1,1,1,1,1,1,1,1,2026/8/6 23:10:43,40秒,微信,,1,1,(空),16,20.0
(空),,,40.0,35.0,30.0,40.0,2,3,1,1,2,2,2,2,2,2,2,2,2,2,1,1,1,2,3,1,2026/8/6 23:11:13,19秒,微信,,1,3,(空),16,36.0
无,,,40.0,40.0,40.0,40.0,2,2,2,2,2,2,2,2,2,2,2,2,2,2,2,2,2,2,2,2,2026/8/7 0:36:07,97秒,手机提交,直接访问,2,2,无,16,40.0
(空),,,40.0,20.0,20.0,20.0,2,1,1,1,1,1,1,1,2,2,2,1,1,1,1,1,1,1,1,1,2026/8/7 7:32:53,159秒,微信,,1,1,(空),16,25.0
(空),,,20.0,20.0,20.0,20.0,1,1,1,1,1,1,1,1,1,1,1,1,1,1,1,1,1,1,1,1,2026/8/7 7:45:23,23秒,微信,,1,1,(空),16,20.0
(空),,,40.0,50.0,45.0,45.0,2,3,2,2,3,2,2,2,2,2,2,3,2,2,3,2,2,2,2,3,2026/8/7 9:23:27,187秒,微信,,2,2,(空),16,45.25
无不适,,,20.0,20.0,20.0,20.0,1,1,1,1,1,1,1,1,1,1,1,1,1,1,1,1,1,1,1,1,2026/8/7 9:24:08,151秒,微信,,1,1,无不适,16,20.0
无,,,20.0,20.0,20.0,25.0,1,1,1,1,1,1,2,1,1,1,1,1,1,1,1,1,1,2,2,1,2026/8/7 9:24:14,22秒,微信,,1,2,无,16,21.0
(空),,,20.0,20.0,20.0,20.0,1,1,1,1,1,1,1,1,1,1,1,1,1,1,1,1,1,1,1,1,2026/8/7 9:24:49,51秒,微信,,1,1,(空),16,20.0
wu,,,20.0,20.0,20.0,20.0,1,1,1,1,1,1,1,1,1,1,1,1,1,1,1,1,1,1,1,1,2026/8/7 9:25:16,132秒,微信,,1,1,wu,16,20.0
(空),,,20.0,20.0,20.0,20.0,1,1,1,1,1,1,1,1,1,1,1,1,1,1,1,1,1,1,1,1,2026/8/7 9:26:27,45秒,微信,,1,1,(空),16,20.0
无,,,25.0,20.0,20.0,20.0,1,1,1,1,1,1,1,1,2,1,1,1,1,1,1,1,1,1,1,1,2026/8/7 9:28:31,98秒,微信,,1,1,无,16,21.25
(空),,,20.0,20.0,20.0,20.0,1,1,1,1,1,1,1,1,1,1,1,1,1,1,1,1,1,1,1,1,2026/8/7 9:29:10,114秒,微信,,1,1,(空),16,20.0
非常好,,,20.0,20.0,20.0,20.0,1,1,1,1,1,1,1,1,1,1,1,1,1,1,1,1,1,1,1,1,2026/8/7 9:36:17,108秒,微信,,1,1,非常好,16,20.0
(空),,,20.0,20.0,20.0,20.0,1,1,1,1,1,1,1,1,1,1,1,1,1,1,1,1,1,1,1,1,2026/8/7 9:36:20,146秒,微信,,1,1,(空),16,20.0
(空),,,45.0,45.0,45.0,45.0,2,2,2,3,3,2,2,2,3,2,2,3,2,2,2,2,2,2,2,3,2026/8/7 9:40:50,55秒,微信,,2,2,(空),16,45.0
没有挺好的,,,20.0,20.0,20.0,20.0,1,1,1,1,1,1,1,1,1,1,1,1,1,1,1,1,1,1,1,1,2026/8/7 9:43:34,345秒,微信,,1,1,没有挺好的,16,20.0
没有,,,20.0,20.0,20.0,20.0,1,1,1,1,1,1,1,1,1,1,1,1,1,1,1,1,1,1,1,1,2026/8/7 10:09:57,37秒,手机提交,直接访问,1,1,没有,16,20.0
没有,,,20.0,20.0,20.0,20.0,1,1,1,1,1,1,1,1,1,1,1,1,1,1,1,1,1,1,1,1,2026/8/7 10:11:47,86秒,微信,,1,1,没有,16,20.0
广告太多，功能不够全面,,,60.0,60.0,60.0,60.0,3,3,3,3,3,3,3,3,3,3,3,3,3,3,3,3,3,3,3,3,2026/8/7 10:13:06,137秒,微信,,3,3,广告太多，功能不够全面,16,60.0
(空),,,20.0,20.0,20.0,20.0,1,1,1,1,1,1,1,1,1,1,1,1,1,1,1,1,1,1,1,1,2026/8/7 10:25:36,113秒,微信,,1,1,(空),16,20.0
很好,,,20.0,20.0,20.0,20.0,1,1,1,1,1,1,1,1,1,1,1,1,1,1,1,1,1,1,1,1,2026/8/7 10:26:02,91秒,微信,,1,1,很好,16,20.0
没有不舒适,,,20.0,20.0,20.0,20.0,1,1,1,1,1,1,1,1,1,1,1,1,1,1,1,1,1,1,1,1,2026/8/7 10:32:11,146秒,微信,,1,1,没有不舒适,16,20.0
(空),,,25.0,30.0,30.0,20.0,1,1,1,1,1,1,1,1,1,1,2,2,2,1,1,3,1,1,1,1,2026/8/7 10:34:51,176秒,微信,,1,1,(空),16,26.75
(空),,,25.0,35.0,25.0,20.0,1,1,1,1,1,1,1,1,1,2,1,2,1,2,2,2,2,2,2,3,2026/8/7 10:38:12,2540秒,微信,,2,2,(空),16,27.0
(空),,,20.0,20.0,20.0,20.0,1,1,1,1,1,1,1,1,1,1,1,1,1,1,1,1,1,1,1,1,2026/8/7 10:50:03,88秒,微信,,1,1,(空),16,20.0
可以可以,,,65.0,60.0,70.0,70.0,2,4,4,3,4,4,4,2,5,4,2,4,2,3,3,3,3,2,4,4,2026/8/7 10:51:48,258秒,微信,,3,4,可以可以,16,65.75
(空),,,20.0,35.0,35.0,20.0,1,2,1,1,1,1,1,1,1,1,1,1,2,2,2,3,1,2,2,2,2026/8/7 10:55:36,147秒,微信,,1,2,(空),16,28.25
1145,,,35.0,30.0,25.0,20.0,1,2,1,1,1,1,1,1,1,3,2,1,1,1,3,1,3,5,3,1,2026/8/7 11:00:30,200秒,微信,,3,3,1145,16,28.0
并无任何不适，是非常人性化的ai服务内容,,,20.0,20.0,20.0,20.0,1,1,1,1,1,1,1,1,1,1,1,1,1,1,1,1,1,1,1,1,2026/8/7 11:08:29,108秒,微信,,1,1,并无任何不适，是非常人性化的ai服务内容,16,20.0
无,,,25.0,45.0,45.0,35.0,1,3,2,2,2,2,2,1,1,1,2,3,2,2,2,2,1,1,2,1,2026/8/7 11:13:50,3002秒,微信,,1,2,无,16,38.0
(空),,,20.0,20.0,20.0,20.0,1,1,1,1,1,1,1,1,1,1,1,1,1,1,1,1,1,1,1,1,2026/8/7 11:18:46,108秒,微信,,1,1,(空),16,20.0
(空),,,20.0,20.0,20.0,20.0,1,1,1,1,1,1,1,1,1,1,1,1,1,1,1,1,1,1,1,1,2026/8/7 11:22:49,66秒,微信,,1,1,(空),16,20.0
无,,,20.0,20.0,20.0,20.0,1,1,1,1,1,1,1,1,1,1,1,1,1,1,1,1,1,1,1,1,2026/8/7 11:27:04,39秒,微信,,1,1,无,16,20.0
无,,,20.0,20.0,20.0,20.0,1,1,1,1,1,1,1,1,1,1,1,1,1,1,1,1,1,1,1,1,2026/8/7 11:27:04,45秒,微信,,1,1,无,16,20.0
没有上述的问题,,,20.0,20.0,25.0,40.0,1,2,1,1,2,2,2,2,1,1,1,1,1,1,1,1,1,1,1,1,2026/8/7 11:30:31,197秒,微信,,1,1,没有上述的问题,16,25.25
无,,,20.0,20.0,20.0,20.0,1,1,1,1,1,1,1,1,1,1,1,1,1,1,1,1,1,1,1,1,2026/8/7 11:32:13,105秒,微信,,1,1,无,16,20.0
无,,,20.0,20.0,20.0,20.0,1,1,1,1,1,1,1,1,1,1,1,1,1,1,1,1,1,1,1,1,2026/8/7 11:32:19,120秒,微信,,1,1,无,16,20.0
无,,,20.0,20.0,20.0,20.0,1,1,1,1,1,1,1,1,1,1,1,1,1,1,1,1,1,1,1,1,2026/8/7 11:32:36,47秒,微信,,1,1,无,16,20.0
(空),,,20.0,20.0,20.0,20.0,1,1,1,1,1,1,1,1,1,1,1,1,1,1,1,1,1,1,1,1,2026/8/7 11:42:43,271秒,微信,,1,1,(空),16,20.0
(空),,,20.0,55.0,50.0,50.0,1,2,3,2,2,2,2,4,1,1,1,1,4,4,2,3,3,1,2,3,2026/8/7 11:43:52,131秒,微信,,3,2,(空),16,44.0
无,,,20.0,20.0,20.0,20.0,1,1,1,1,1,1,1,1,1,1,1,1,1,1,1,1,1,1,1,1,2026/8/7 12:01:11,81秒,微信,,1,1,无,16,20.0
(空),,,20.0,20.0,20.0,20.0,1,1,1,1,1,1,1,1,1,1,1,1,1,1,1,1,1,1,1,1,2026/8/7 12:11:29,34秒,微信,,1,1,(空),16,20.0
(空),,,20.0,20.0,20.0,20.0,1,1,1,1,1,1,1,1,1,1,1,1,1,1,1,1,1,1,1,1,2026/8/7 12:12:40,34秒,微信,,1,1,(空),16,20.0
(空),,,20.0,20.0,20.0,20.0,1,1,1,1,1,1,1,1,1,1,1,1,1,1,1,1,1,1,1,1,2026/8/7 12:13:17,39秒,微信,,1,1,(空),16,20.0
无,,,20.0,20.0,20.0,20.0,1,1,1,1,1,1,1,1,1,1,1,1,1,1,1,1,1,1,1,1,2026/8/7 12:21:28,48秒,微信,,1,1,无,16,20.0
无,,,20.0,20.0,20.0,20.0,1,1,1,1,1,1,1,1,1,1,1,1,1,1,1,1,1,1,1,1,2026/8/7 12:36:32,27秒,微信,,1,1,无,16,20.0
无,,,20.0,20.0,20.0,20.0,1,1,1,1,1,1,1,1,1,1,1,1,1,1,1,1,1,1,1,1,2026/8/7 12:37:39,28秒,微信,,1,1,无,16,20.0
无,,,20.0,20.0,20.0,20.0,1,1,1,1,1,1,1,1,1,1,1,1,1,1,1,1,1,1,1,1,2026/8/7 12:41:36,44秒,微信,,1,1,无,16,20.0
无,,,20.0,20.0,20.0,20.0,1,1,1,1,1,1,1,1,1,1,1,1,1,1,1,1,1,1,1,1,2026/8/7 12:52:28,110秒,微信,,1,1,无,16,20.0
无,,,20.0,35.0,25.0,20.0,1,1,1,1,1,1,1,1,1,1,1,1,2,2,2,2,1,1,1,1,2026/8/7 13:03:56,36秒,微信,,1,1,无,16,25.75
(空),,,50.0,20.0,20.0,20.0,4,1,1,1,1,1,1,1,4,1,1,1,1,1,1,1,1,1,1,1,2026/8/7 13:05:14,44秒,微信,,1,1,(空),16,27.5
(空),,,20.0,20.0,20.0,20.0,1,1,1,1,1,1,1,1,1,1,1,1,1,1,1,1,1,1,1,1,2026/8/7 13:08:21,172秒,微信,,1,1,(空),16,20.0
(空),,,20.0,20.0,20.0,20.0,1,1,1,1,1,1,1,1,1,1,1,1,1,1,1,1,1,1,1,1,2026/8/7 13:31:53,23秒,微信,,1,1,(空),16,20.0
(空),,,20.0,20.0,20.0,20.0,1,1,1,1,1,1,1,1,1,1,1,1,1,1,1,1,1,1,1,1,2026/8/7 13:34:19,21秒,微信,,1,1,(空),16,20.0
(空),,,20.0,20.0,20.0,20.0,1,1,1,1,1,1,1,1,1,1,1,1,1,1,1,1,1,1,1,1,2026/8/7 13:37:29,161秒,微信,,1,1,(空),16,20.0
(空),,,20.0,20.0,20.0,20.0,1,1,1,1,1,1,1,1,1,1,1,1,1,1,1,1,1,1,1,1,2026/8/7 13:59:16,120秒,手机提交,直接访问,1,1,(空),16,20.0
(空),,,20.0,20.0,20.0,20.0,1,1,1,1,1,1,1,1,1,1,1,1,1,1,1,1,1,1,1,1,2026/8/7 14:12:41,29秒,微信,,1,1,(空),16,20.0
无,,,20.0,20.0,20.0,20.0,1,1,1,1,1,1,1,1,1,1,1,1,1,1,1,1,1,1,1,1,2026/8/7 14:15:19,423秒,微信,,1,1,无,16,20.0
无,,,45.0,30.0,50.0,45.0,3,3,3,3,2,3,3,1,1,2,3,2,2,1,1,1,3,1,3,3,2026/8/7 14:37:21,74秒,链接,直接访问,3,3,无,16,41.75
无,,,65.0,70.0,80.0,80.0,3,4,5,3,3,3,5,5,4,3,3,3,3,3,5,4,3,5,3,3,2026/8/7 14:37:41,111秒,链接,直接访问,3,3,无,16,73.25
无,,,95.0,70.0,75.0,85.0,4,4,3,4,3,4,5,5,5,5,5,3,3,5,3,4,4,4,3,5,2026/8/7 14:38:06,100秒,链接,直接访问,4,3,无,16,80.5
无,,,45.0,35.0,45.0,45.0,3,1,3,3,1,2,3,3,1,3,2,1,3,2,1,2,1,3,3,3,2026/8/7 14:38:14,83秒,链接,直接访问,1,3,无,16,42.0
无,,,80.0,90.0,90.0,70.0,4,5,5,5,3,3,5,3,4,5,3,4,5,4,5,3,5,5,4,5,2026/8/7 14:38:15,75秒,链接,直接访问,5,4,无,16,83.5
无,,,55.0,40.0,55.0,50.0,3,2,3,3,1,3,3,3,3,2,3,3,1,1,3,3,2,1,1,3,2026/8/7 14:38:40,77秒,链接,直接访问,2,1,无,16,49.5
无,,,30.0,45.0,35.0,30.0,1,1,2,1,2,1,2,1,1,2,2,3,3,2,1,3,3,1,1,3,2026/8/7 14:39:50,81秒,链接,直接访问,3,1,无,16,35.75
无,,,30.0,35.0,30.0,25.0,3,1,2,2,1,1,2,1,1,1,1,2,1,1,3,1,2,2,3,3,2026/8/7 14:40:07,74秒,链接,直接访问,2,3,无,16,30.5
无,,,75.0,65.0,80.0,70.0,5,3,4,5,4,3,3,4,3,4,3,3,3,4,3,4,5,5,4,5,2026/8/7 14:40:22,144秒,链接,直接访问,5,4,无,16,72.25
无,,,30.0,35.0,40.0,55.0,1,3,3,1,3,3,3,2,1,2,2,2,1,3,1,1,1,1,2,3,2026/8/7 14:40:44,111秒,链接,直接访问,1,2,无,16,39.0
无,,,90.0,70.0,70.0,85.0,5,3,3,3,3,5,4,5,5,4,4,3,3,5,3,5,4,3,5,4,2026/8/7 14:41:25,83秒,手机提交,直接访问,4,5,无,16,78.0
无,,,70.0,80.0,75.0,85.0,4,4,5,3,5,4,3,5,3,4,3,4,3,5,4,3,3,3,3,4,2026/8/7 14:41:37,133秒,手机提交,直接访问,3,3,无,16,77.25
无,,,95.0,95.0,75.0,80.0,5,4,4,3,5,3,3,5,4,5,5,5,5,5,4,4,4,5,5,3,2026/8/7 14:42:04,104秒,手机提交,直接访问,4,5,无,16,87.0
无,,,45.0,35.0,50.0,30.0,3,3,2,2,1,1,1,3,1,2,3,2,2,2,1,3,2,1,3,3,2026/8/7 14:42:08,120秒,链接,直接访问,2,3,无,16,40.25
无,,,45.0,35.0,35.0,45.0,3,1,1,2,2,3,3,1,2,1,3,3,1,1,2,3,3,1,1,3,2026/8/7 14:42:17,105秒,链接,直接访问,3,1,无,16,39.5
无,,,90.0,70.0,80.0,70.0,5,4,4,4,3,3,4,4,4,5,4,4,3,4,3,4,4,4,4,4,2026/8/7 14:42:34,103秒,手机提交,直接访问,4,4,无,16,77.5
无,,,30.0,30.0,40.0,45.0,3,3,1,1,3,2,3,1,1,1,1,2,1,1,2,3,3,1,3,2,2026/8/7 14:42:48,118秒,链接,直接访问,3,3,无,16,35.5
无,,,45.0,50.0,35.0,30.0,2,3,1,1,2,1,2,1,3,3,1,3,3,1,3,2,1,1,3,3,2026/8/7 14:43:10,114秒,链接,直接访问,1,3,无,16,41.0
无,,,75.0,75.0,90.0,85.0,4,5,4,4,4,4,5,4,3,3,5,3,3,5,4,5,3,3,3,4,2026/8/7 14:43:36,116秒,手机提交,直接访问,3,3,无,16,80.75
无,,,40.0,40.0,35.0,30.0,3,1,2,3,1,1,2,2,2,1,2,1,1,3,3,1,3,2,2,1,2026/8/7 14:43:48,70秒,链接,直接访问,3,2,无,16,36.75
无,,,55.0,40.0,55.0,30.0,3,3,3,3,1,1,2,2,3,2,3,3,2,2,1,2,2,3,1,1,2026/8/7 14:44:14,121秒,链接,直接访问,2,1,无,16,45.5
无,,,70.0,75.0,75.0,80.0,5,4,3,5,3,5,4,4,3,3,3,5,3,4,3,3,3,4,5,4,2026/8/7 14:44:29,89秒,微信,,3,5,无,16,74.75
无,,,40.0,25.0,30.0,30.0,1,1,1,1,3,1,1,1,2,3,2,1,1,2,1,3,1,1,1,1,2026/8/7 14:45:05,127秒,链接,直接访问,1,1,无,16,31.0
无,,,40.0,50.0,60.0,50.0,2,3,3,3,3,2,2,3,2,2,2,3,3,2,2,3,2,1,2,2,2026/8/7 14:45:34,102秒,链接,直接访问,2,2,无,16,50.0
无,,,55.0,45.0,45.0,40.0,3,3,2,2,1,3,2,2,2,3,3,1,3,3,2,2,3,2,2,2,2026/8/7 14:45:41,100秒,链接,直接访问,3,2,无,16,46.5
无,,,65.0,90.0,65.0,65.0,4,4,3,3,4,3,3,3,3,3,3,4,5,4,5,3,3,3,5,4,2026/8/7 14:46:20,129秒,微信,,3,5,无,16,72.5
无,,,85.0,80.0,70.0,90.0,5,4,4,3,5,4,4,5,5,3,4,5,3,5,3,3,4,4,5,3,2026/8/7 14:46:52,88秒,微信,,4,5,无,16,80.75
无,,,70.0,80.0,75.0,85.0,3,4,4,4,5,5,4,3,4,3,4,5,4,4,3,3,5,4,5,4,2026/8/7 14:47:42,71秒,微信,,5,5,无,16,77.25
无,,,85.0,75.0,95.0,80.0,4,5,5,5,5,4,4,3,4,4,5,3,4,3,5,4,4,5,5,3,2026/8/7 14:47:44,106秒,微信,,4,5,无,16,83.5
无,,,40.0,30.0,40.0,30.0,3,1,1,3,1,1,2,2,1,2,2,1,2,2,1,3,2,1,2,2,2026/8/7 14:47:59,109秒,链接,直接访问,2,2,无,16,35.0
无,,,75.0,95.0,85.0,85.0,5,3,5,4,4,4,4,5,3,4,3,5,5,4,5,5,3,5,5,4,2026/8/7 14:48:04,112秒,微信,,3,5,无,16,85.5
无,,,50.0,30.0,45.0,40.0,2,2,3,3,3,1,2,2,2,3,3,1,1,3,1,1,1,1,2,2,2026/8/7 14:48:46,110秒,链接,直接访问,1,2,无,16,40.75
无,,,40.0,55.0,55.0,35.0,2,3,3,2,1,3,2,1,2,3,1,3,3,3,2,3,3,2,2,2,2026/8/7 14:49:13,109秒,链接,直接访问,3,2,无,16,47.25
无,,,90.0,90.0,85.0,80.0,5,4,4,5,4,4,5,3,4,4,5,4,5,4,5,4,5,5,4,4,2026/8/7 14:49:16,105秒,微信,,5,4,无,16,86.75
无,,,40.0,40.0,45.0,45.0,1,2,1,3,1,3,3,2,3,3,1,3,1,2,2,3,2,3,1,2,2026/8/7 14:49:33,107秒,链接,直接访问,2,1,无,16,42.25
无,,,80.0,75.0,75.0,75.0,5,5,3,4,4,4,3,4,4,4,3,4,4,4,3,3,5,3,5,3,2026/8/7 14:49:56,101秒,微信,,5,5,无,16,76.25
无,,,30.0,45.0,40.0,45.0,2,2,1,3,3,1,2,3,2,1,1,3,2,3,1,2,2,2,1,2,2026/8/7 14:50:15,103秒,链接,直接访问,2,1,无,16,40.0
无,,,85.0,85.0,95.0,85.0,4,5,5,4,4,4,4,5,5,5,3,4,5,5,3,5,5,3,3,5,2026/8/7 14:50:23,95秒,微信,,5,3,无,16,87.5
无,,,75.0,80.0,80.0,85.0,3,3,4,4,4,5,4,4,5,3,4,5,4,3,4,5,5,4,5,4,2026/8/7 14:50:28,92秒,微信,,5,5,无,16,79.75
无,,,45.0,35.0,45.0,25.0,2,3,3,2,1,1,2,1,3,1,3,2,2,2,1,1,2,1,2,2,2026/8/7 14:50:50,110秒,链接,直接访问,2,2,无,16,38.0
无,,,45.0,35.0,35.0,35.0,3,2,2,2,2,1,2,2,3,2,1,1,2,3,1,1,3,1,1,2,2026/8/7 14:51:19,102秒,链接,直接访问,3,1,无,16,37.5
无,,,85.0,85.0,75.0,85.0,3,5,3,4,5,5,4,3,5,5,4,4,4,5,4,3,4,4,4,5,2026/8/7 14:51:32,115秒,微信,,4,4,无,16,82.5
无,,,50.0,35.0,35.0,35.0,1,3,2,1,1,2,2,2,3,3,3,3,1,2,1,1,1,1,2,2,2026/8/7 14:52:07,131秒,链接,直接访问,1,2,无,16,38.75
无,,,90.0,95.0,95.0,90.0,4,5,4,5,4,4,5,5,5,4,5,5,4,5,5,5,4,5,4,5,2026/8/7 14:52:23,105秒,微信,,4,4,无,16,92.75
无,,,55.0,30.0,40.0,60.0,3,1,2,3,3,3,3,3,3,2,3,2,1,2,1,2,2,3,3,3,2026/8/7 14:52:51,109秒,链接,直接访问,2,3,无,16,44.75
无,,,50.0,35.0,45.0,50.0,3,3,3,2,2,3,2,3,1,3,3,3,1,1,2,1,2,2,1,2,2026/8/7 14:53:18,69秒,链接,直接访问,2,1,无,16,44.25
无,,,90.0,100.0,80.0,85.0,3,3,3,5,4,4,5,4,5,5,5,5,5,5,5,5,4,3,4,5,2026/8/7 14:53:27,124秒,微信,,4,4,无,16,89.5
无,,,45.0,55.0,50.0,40.0,3,3,1,3,2,1,3,2,3,2,1,3,3,3,2,3,3,3,2,1,2026/8/7 14:53:29,123秒,链接,直接访问,3,2,无,16,48.25
无,,,75.0,85.0,95.0,80.0,3,5,4,5,4,4,5,3,5,3,4,5,4,4,4,5,5,3,5,5,2026/8/7 14:53:41,82秒,微信,,5,5,无,16,84.0
无,,,35.0,40.0,35.0,35.0,2,3,1,1,1,3,1,2,3,1,1,3,1,2,2,2,1,2,2,1,2026/8/7 14:54:28,125秒,链接,直接访问,1,2,无,16,36.5
无,,,90.0,90.0,85.0,90.0,4,3,5,5,5,5,5,3,5,5,4,5,4,4,5,4,5,5,4,5,2026/8/7 14:54:31,66秒,微信,,5,4,无,16,88.75
无,,,30.0,45.0,30.0,45.0,2,1,1,3,3,2,3,1,1,1,2,3,2,3,1,1,2,2,2,1,2026/8/7 14:55:13,101秒,链接,直接访问,2,2,无,16,37.5
无,,,45.0,30.0,35.0,40.0,3,1,2,3,3,1,2,2,2,1,3,2,1,1,2,1,3,1,3,1,2026/8/7 14:55:16,87秒,链接,直接访问,3,3,无,16,37.0
无,,,95.0,90.0,85.0,90.0,5,5,3,5,5,5,4,4,5,4,5,5,4,4,5,4,4,5,4,4,2026/8/7 14:55:19,140秒,微信,,4,4,无,16,90.0
无,,,90.0,95.0,90.0,95.0,4,5,3,5,4,5,5,5,5,4,5,5,5,5,4,5,5,4,5,4,2026/8/7 14:55:59,88秒,微信,,5,5,无,16,92.5
无,,,85.0,95.0,85.0,80.0,4,5,3,5,4,5,4,3,5,4,4,5,4,5,5,4,5,4,5,5,2026/8/7 14:56:43,154秒,微信,,5,5,无,16,87.0
无,,,45.0,35.0,40.0,50.0,1,3,2,1,3,2,3,2,2,3,3,2,1,2,2,2,1,2,2,1,2026/8/7 14:57:07,134秒,手机提交,直接访问,1,2,无,16,41.75
无,,,55.0,30.0,45.0,40.0,3,3,1,3,2,3,1,2,3,3,2,3,1,1,1,2,2,2,2,3,2026/8/7 14:57:15,110秒,手机提交,直接访问,2,2,无,16,42.0
无,,,40.0,35.0,40.0,45.0,1,2,2,2,2,3,1,3,2,2,3,2,1,3,1,2,3,2,2,3,2026/8/7 14:57:56,83秒,手机提交,直接访问,3,2,无,16,39.5
(空),,,50.0,35.0,40.0,55.0,2,2,1,1,4,3,1,3,3,3,2,1,2,1,3,4,3,1,3,1,2026/8/7 14:59:14,35秒,微信,,3,3,(空),16,44.0
无,,,95.0,90.0,100.0,95.0,4,5,5,5,5,5,5,4,5,5,5,5,4,5,4,5,5,5,4,5,2026/8/7 14:59:43,160秒,微信,,5,4,无,16,94.75
无,,,40.0,35.0,30.0,50.0,3,2,1,1,2,3,2,3,1,3,1,1,2,1,3,2,1,2,2,3,2026/8/7 14:59:58,109秒,手机提交,直接访问,1,2,无,16,38.0
无,,,35.0,40.0,30.0,40.0,2,1,2,2,1,2,3,2,1,1,3,1,3,2,2,1,1,1,2,2,2026/8/7 15:00:21,103秒,手机提交,直接访问,1,2,无,16,36.25
无,,,100.0,95.0,95.0,95.0,5,5,4,5,5,5,5,4,5,5,5,5,5,5,4,5,5,5,5,5,2026/8/7 15:00:29,86秒,微信,,5,5,无,16,96.25
无,,,25.0,40.0,45.0,40.0,1,1,3,3,2,3,2,1,2,1,1,1,3,1,3,2,1,3,3,2,2026/8/7 15:00:42,101秒,手机提交,直接访问,1,3,无,16,37.5
无,,,35.0,55.0,25.0,25.0,1,1,2,1,1,2,1,1,2,3,1,3,3,2,3,1,2,3,3,2,2026/8/7 15:01:07,87秒,手机提交,直接访问,2,3,无,16,36.5
无,,,100.0,100.0,100.0,100.0,5,5,5,5,5,5,5,5,5,5,5,5,5,5,5,5,5,5,5,5,2026/8/7 15:01:08,81秒,微信,,5,5,无,16,100.0
无,,,45.0,45.0,45.0,45.0,1,3,1,3,3,2,3,1,3,3,2,2,1,3,3,2,3,1,1,1,2026/8/7 15:01:43,93秒,手机提交,直接访问,3,1,无,16,45.0
无,,,95.0,100.0,100.0,100.0,4,5,5,5,5,5,5,5,5,5,5,5,5,5,5,5,5,5,5,5,2026/8/7 15:02:18,90秒,微信,,5,5,无,16,98.75
无,,,95.0,100.0,100.0,95.0,4,5,5,5,5,5,5,4,5,5,5,5,5,5,5,5,5,5,5,5,2026/8/7 15:03:22,111秒,微信,,5,5,无,16,97.75
无,,,45.0,35.0,50.0,45.0,2,3,1,3,3,1,3,2,2,2,3,1,1,3,2,3,2,1,1,3,2026/8/7 15:03:32,94秒,手机提交,直接访问,2,1,无,16,43.25
无,,,100.0,100.0,100.0,100.0,5,5,5,5,5,5,5,5,5,5,5,5,5,5,5,5,5,5,5,5,2026/8/7 15:03:48,68秒,微信,,5,5,无,16,100.0
无,,,100.0,95.0,100.0,95.0,5,5,5,5,5,5,5,4,5,5,5,5,5,5,4,5,5,5,5,5,2026/8/7 15:03:50,120秒,微信,,5,5,无,16,97.5
无,,,40.0,55.0,55.0,35.0,3,3,3,2,2,2,1,2,3,1,1,3,2,3,3,3,3,1,3,1,2026/8/7 15:04:18,99秒,手机提交,直接访问,3,3,无,16,47.25
无,,,100.0,100.0,100.0,100.0,5,5,5,5,5,5,5,5,5,5,5,5,5,5,5,5,5,5,5,5,2026/8/7 15:04:48,97秒,微信,,5,5,无,16,100.0
无,,,100.0,100.0,100.0,95.0,5,5,5,5,5,5,5,4,5,5,5,5,5,5,5,5,5,5,5,5,2026/8/7 15:05:18,70秒,微信,,5,5,无,16,99.0
无,,,40.0,45.0,35.0,25.0,2,2,1,2,2,1,1,1,2,2,2,2,3,1,3,2,2,3,3,3,2026/8/7 15:06:08,89秒,手机提交,直接访问,2,3,无,16,37.25
无,,,35.0,50.0,40.0,30.0,3,3,3,1,1,3,1,1,1,1,2,3,1,3,3,1,1,3,3,3,2026/8/7 15:06:16,106秒,手机提交,直接访问,1,3,无,16,39.75
无,,,55.0,40.0,35.0,35.0,3,1,3,1,1,3,1,2,3,2,3,3,1,3,1,2,1,3,3,3,2026/8/7 15:06:58,106秒,手机提交,直接访问,1,3,无,16,41.5
无,,,100.0,100.0,100.0,100.0,5,5,5,5,5,5,5,5,5,5,5,5,5,5,5,5,5,5,5,5,2026/8/7 15:07:52,89秒,微信,,5,5,无,16,100.0
无,,,100.0,100.0,100.0,100.0,5,5,5,5,5,5,5,5,5,5,5,5,5,5,5,5,5,5,5,5,2026/8/7 15:07:52,129秒,微信,,5,5,无,16,100.0
无,,,40.0,30.0,60.0,40.0,3,3,3,3,2,3,1,2,1,1,3,1,3,1,1,3,3,3,3,1,2026/8/7 15:08:10,136秒,手机提交,直接访问,3,3,无,16,42.0
无,,,30.0,40.0,45.0,25.0,1,3,1,2,1,1,1,2,1,1,3,1,1,3,3,3,3,3,3,3,2026/8/7 15:08:51,96秒,手机提交,直接访问,3,3,无,16,35.75
无,,,40.0,45.0,40.0,30.0,3,1,3,3,1,3,1,1,2,2,1,3,2,3,1,1,2,2,2,1,2026/8/7 15:09:01,125秒,手机提交,直接访问,2,2,无,16,39.5
无,,,100.0,100.0,100.0,100.0,5,5,5,5,5,5,5,5,5,5,5,5,5,5,5,5,5,5,5,5,2026/8/7 15:09:20,141秒,微信,,5,5,无,16,100.0
无,,,100.0,100.0,100.0,100.0,5,5,5,5,5,5,5,5,5,5,5,5,5,5,5,5,5,5,5,5,2026/8/7 15:09:30,119秒,微信,,5,5,无,16,100.0
无,,,40.0,25.0,40.0,25.0,2,1,3,1,1,2,1,1,3,2,1,1,2,1,1,3,1,1,3,3,2026/8/7 15:09:31,94秒,手机提交,直接访问,1,3,无,16,32.5
无,,,100.0,100.0,100.0,100.0,5,5,5,5,5,5,5,5,5,5,5,5,5,5,5,5,5,5,5,5,2026/8/7 15:09:39,101秒,微信,,5,5,无,16,100.0
无,,,45.0,35.0,35.0,35.0,1,3,1,1,1,2,1,3,3,2,3,3,1,2,1,2,3,1,1,2,2026/8/7 15:10:51,106秒,手机提交,直接访问,3,1,无,16,37.5
无,,,50.0,35.0,45.0,40.0,3,1,2,3,1,3,3,1,1,3,3,1,1,2,3,3,1,1,1,2,2026/8/7 15:10:55,128秒,手机提交,直接访问,1,1,无,16,42.25
无,,,40.0,55.0,30.0,35.0,2,1,1,1,2,1,1,3,1,2,3,2,3,3,3,3,1,1,2,1,2026/8/7 15:11:22,119秒,手机提交,直接访问,1,2,无,16,41.0
无,,,30.0,50.0,35.0,50.0,2,1,2,3,3,1,3,3,2,1,1,2,3,2,3,1,3,1,2,1,2026/8/7 15:11:47,88秒,手机提交,直接访问,3,2,无,16,41.25
无,,,50.0,50.0,45.0,35.0,3,3,2,1,1,3,2,1,3,3,1,3,2,3,2,3,2,2,3,2,2026/8/7 15:12:57,80秒,手机提交,直接访问,2,3,无,16,45.75
无,,,35.0,50.0,50.0,50.0,1,2,3,3,3,3,2,2,2,1,3,3,3,3,1,2,2,1,2,2,2026/8/7 15:13:39,144秒,手机提交,直接访问,2,2,无,16,46.25
无,,,45.0,30.0,45.0,35.0,3,3,3,1,2,1,2,2,3,2,1,1,3,1,1,2,2,1,2,1,2026/8/7 15:14:58,87秒,微信,,2,2,无,16,38.5
无,,,45.0,30.0,30.0,40.0,2,2,1,1,3,3,1,1,3,3,1,2,1,2,1,2,1,1,1,1,2026/8/7 15:15:50,116秒,微信,,1,1,无,16,35.75
无,,,50.0,45.0,35.0,35.0,3,3,2,1,1,2,3,1,1,3,3,3,2,2,2,1,3,3,1,3,2026/8/7 15:17:18,79秒,微信,,3,1,无,16,41.75
无,,,30.0,40.0,45.0,40.0,3,2,1,3,2,3,2,1,1,1,1,3,2,2,1,3,2,1,3,3,2026/8/7 15:17:58,126秒,微信,,2,3,无,16,38.75
无,,,50.0,40.0,45.0,50.0,3,1,3,2,3,3,1,3,3,1,3,3,1,3,1,3,2,1,3,3,2026/8/7 15:18:50,75秒,微信,,2,3,无,16,45.75
无,,,55.0,35.0,45.0,45.0,3,2,2,3,2,3,2,2,2,3,3,3,1,2,1,2,1,2,1,1,2026/8/7 15:19:43,98秒,微信,,1,1,无,16,44.5
无,,,30.0,50.0,30.0,30.0,2,1,1,2,1,2,1,2,1,1,2,3,3,3,1,2,1,1,2,2,2026/8/7 15:20:32,114秒,微信,,1,2,无,16,36.0
无,,,35.0,45.0,45.0,50.0,2,1,2,3,3,3,2,2,3,1,1,2,1,3,3,3,1,1,3,2,2026/8/7 15:23:08,130秒,微信,,1,3,无,16,43.5
无,,,35.0,45.0,55.0,40.0,2,3,3,3,2,2,3,1,1,1,3,3,1,3,2,2,3,3,2,1,2026/8/7 15:24:05,107秒,微信,,3,2,无,16,44.0
无,,,30.0,30.0,45.0,25.0,1,3,1,2,2,1,1,1,1,3,1,1,1,1,3,3,2,2,3,2,2026/8/7 15:24:30,106秒,微信,,2,3,无,16,32.75
无,,,20.0,40.0,45.0,50.0,1,1,3,2,3,3,2,2,1,1,1,3,2,2,1,3,3,2,2,1,2026/8/7 15:25:12,80秒,微信,,3,2,无,16,38.25
无,,,35.0,40.0,45.0,40.0,2,1,2,3,2,2,2,2,1,2,2,3,3,1,1,3,3,2,3,3,2026/8/7 15:25:47,81秒,微信,,3,3,无,16,40.0
无,,,40.0,55.0,40.0,25.0,1,3,1,1,1,2,1,1,2,2,3,3,3,3,2,3,3,3,1,1,2026/8/7 15:26:39,66秒,微信,,3,1,无,16,41.5
(空),,,20.0,20.0,20.0,20.0,1,1,1,1,1,1,1,1,1,1,1,1,1,1,1,1,1,1,1,1,2026/8/7 15:28:20,36秒,微信,,1,1,(空),16,20.0
无,,,40.0,40.0,30.0,40.0,2,1,3,1,1,3,1,3,3,2,1,2,2,2,2,1,2,1,3,2,2026/8/7 15:28:31,135秒,微信,,2,3,无,16,37.5
无,,,25.0,40.0,45.0,30.0,1,3,1,3,1,2,1,2,1,1,2,2,2,2,2,2,3,3,1,3,2026/8/7 15:28:41,121秒,微信,,3,1,无,16,35.5
无,,,35.0,35.0,40.0,25.0,1,2,3,1,1,1,2,1,1,3,2,2,3,1,1,2,2,1,1,3,2026/8/7 15:29:20,120秒,微信,,2,1,无,16,34.25
无,,,50.0,45.0,35.0,40.0,2,2,3,1,1,3,3,1,3,3,2,2,3,3,1,1,3,2,3,1,2026/8/7 15:29:45,113秒,微信,,3,3,无,16,42.75
无,,,35.0,30.0,30.0,55.0,1,2,2,1,2,3,3,3,3,2,1,1,2,2,1,1,1,2,2,2,2026/8/7 15:30:50,83秒,微信,,1,2,无,16,36.25
无,,,25.0,40.0,40.0,35.0,2,2,1,3,1,2,2,2,1,1,1,2,2,3,1,2,1,3,3,1,2026/8/7 15:31:55,121秒,微信,,1,3,无,16,35.25
无,,,25.0,40.0,35.0,40.0,2,1,2,3,1,2,2,3,1,1,1,1,3,2,2,1,2,3,2,3,2026/8/7 15:32:20,82秒,微信,,2,2,无,16,35.0
无,,,40.0,40.0,50.0,25.0,1,3,3,2,2,1,1,1,3,1,3,1,1,3,3,2,2,3,1,2,2026/8/7 15:32:35,65秒,微信,,2,1,无,16,39.5
无,,,25.0,25.0,50.0,40.0,1,3,2,2,2,3,1,2,2,1,1,1,2,1,1,3,1,1,2,1,2026/8/7 15:33:30,95秒,微信,,1,2,无,16,34.25
无,,,25.0,45.0,40.0,35.0,1,1,2,2,1,2,1,3,1,1,2,2,3,2,2,3,3,2,1,1,2026/8/7 15:34:43,85秒,微信,,3,1,无,16,36.75
无,,,25.0,40.0,40.0,55.0,1,3,2,1,3,3,2,3,2,1,1,1,3,1,3,2,1,1,3,3,2026/8/7 15:34:48,142秒,微信,,1,3,无,16,39.25
无,,,25.0,30.0,50.0,35.0,1,3,2,2,1,1,2,3,2,1,1,1,3,1,1,3,3,2,3,1,2026/8/7 15:34:55,127秒,微信,,3,3,无,16,34.75
无,,,25.0,30.0,30.0,45.0,1,1,2,1,2,1,3,3,2,1,1,2,2,1,1,2,1,3,1,2,2026/8/7 15:35:57,79秒,微信,,1,1,无,16,31.75
无,,,45.0,25.0,35.0,35.0,1,1,1,2,1,2,2,2,3,3,2,1,2,1,1,3,1,2,2,1,2026/8/7 15:36:49,113秒,微信,,1,2,无,16,34.5
无,,,35.0,35.0,30.0,20.0,1,2,1,2,1,1,1,1,1,2,3,1,1,2,3,1,3,2,3,3,2026/8/7 15:37:41,116秒,微信,,3,3,无,16,30.75
无,,,35.0,40.0,35.0,35.0,2,2,2,1,3,2,1,1,3,1,1,2,2,2,2,2,2,3,3,2,2026/8/7 15:37:45,85秒,微信,,2,3,无,16,36.5
无,,,35.0,35.0,35.0,55.0,1,2,1,1,3,2,3,3,2,1,3,2,1,1,3,3,1,3,2,1,2026/8/7 15:38:50,95秒,微信,,1,2,无,16,39.0
无,,,45.0,35.0,25.0,25.0,2,1,1,1,1,1,2,1,3,1,3,1,2,2,2,2,2,2,3,3,2026/8/7 15:39:19,94秒,微信,,2,3,无,16,33.0
无,,,45.0,35.0,40.0,40.0,2,2,2,1,1,3,1,3,2,2,3,2,2,2,1,3,3,1,2,2,2026/8/7 15:39:32,82秒,微信,,3,2,无,16,39.75
无,,,40.0,35.0,40.0,50.0,1,2,2,2,2,3,3,2,2,2,3,1,2,1,3,2,2,2,2,1,2026/8/7 15:40:45,121秒,微信,,2,2,无,16,40.5
无,,,30.0,35.0,25.0,40.0,2,1,1,2,3,3,1,1,1,2,1,2,1,2,2,1,2,2,3,2,2026/8/7 15:41:22,135秒,微信,,2,3,无,16,32.25
无,,,35.0,35.0,35.0,30.0,1,1,2,2,1,1,1,3,2,3,1,2,2,2,1,2,2,3,3,1,2026/8/7 15:41:29,110秒,微信,,2,3,无,16,34.0
无,,,40.0,30.0,35.0,35.0,2,1,2,2,3,1,1,2,1,3,2,1,2,2,1,2,1,2,1,1,2026/8/7 15:42:48,96秒,微信,,1,1,无,16,34.75
无,,,30.0,35.0,35.0,45.0,2,1,1,2,3,3,2,1,1,2,1,1,2,2,2,3,1,1,3,3,2026/8/7 15:43:23,107秒,微信,,1,3,无,16,35.75
无,,,45.0,45.0,35.0,30.0,2,2,1,2,1,2,2,1,3,3,1,2,2,2,3,2,3,3,1,2,2026/8/7 15:43:29,82秒,微信,,3,1,无,16,39.5
无,,,35.0,35.0,25.0,55.0,2,1,1,1,3,3,3,2,3,1,1,2,2,1,2,2,1,3,2,2,2026/8/7 15:45:09,132秒,微信,,1,2,无,16,36.5
无,,,55.0,35.0,35.0,35.0,2,1,1,2,3,1,1,2,3,3,3,1,2,2,2,3,1,3,1,2,2026/8/7 15:45:28,120秒,微信,,1,1,无,16,40.0
无,,,40.0,40.0,45.0,50.0,1,2,2,2,3,2,3,2,3,2,2,2,1,2,3,3,2,1,1,1,2026/8/7 15:45:35,107秒,微信,,2,1,无,16,43.25
无,,,50.0,35.0,30.0,35.0,2,2,1,2,2,1,2,2,2,3,3,2,2,1,2,1,1,3,3,3,2026/8/7 15:46:11,120秒,微信,,1,3,无,16,37.5
无,,,25.0,30.0,25.0,35.0,1,1,2,1,1,2,3,1,1,1,2,2,2,1,1,1,1,2,1,3,2026/8/7 15:47:32,132秒,微信,,1,1,无,16,28.5
无,,,20.0,20.0,30.0,40.0,1,1,2,2,2,1,3,2,1,1,1,1,1,1,1,1,1,2,1,2,2026/8/7 15:47:37,115秒,微信,,1,1,无,16,26.5
无,,,25.0,20.0,25.0,35.0,2,1,1,1,1,3,1,2,1,1,1,1,1,1,1,2,1,1,1,1,2026/8/7 15:47:45,90秒,微信,,1,1,无,16,25.5
无,,,40.0,40.0,25.0,35.0,2,1,2,1,1,1,3,2,2,1,3,1,2,2,3,1,2,2,2,1,2026/8/7 15:48:20,92秒,微信,,2,2,无,16,35.25
无,,,40.0,30.0,30.0,40.0,2,2,1,2,3,2,2,1,2,3,1,1,1,2,2,1,1,3,1,1,2026/8/7 15:49:27,133秒,微信,,1,1,无,16,34.5
无,,,30.0,30.0,35.0,40.0,2,1,1,2,3,2,1,2,1,2,1,2,1,1,2,3,1,1,1,2,2026/8/7 15:49:45,123秒,微信,,1,1,无,16,33.25
无,,,25.0,25.0,35.0,40.0,1,1,2,2,3,1,2,2,1,1,2,1,1,2,1,2,2,2,2,1,2026/8/7 15:49:47,102秒,微信,,2,2,无,16,30.5
无,,,40.0,35.0,30.0,40.0,2,1,1,2,2,3,2,1,2,2,2,2,1,1,3,2,2,1,2,2,2026/8/7 15:50:44,79秒,微信,,2,2,无,16,36.0
无,,,40.0,30.0,35.0,35.0,2,1,2,2,2,1,3,1,2,2,2,1,2,1,2,2,3,3,3,2,2026/8/7 15:50:49,129秒,微信,,3,3,无,16,34.75
无,,,40.0,30.0,35.0,50.0,1,2,1,1,3,2,3,2,2,2,3,2,1,2,1,3,2,1,3,1,2026/8/7 15:51:09,84秒,微信,,2,3,无,16,37.75
无,,,30.0,30.0,25.0,25.0,2,2,1,1,2,1,1,1,1,2,1,1,1,1,3,1,2,3,3,1,2026/8/7 15:52:21,99秒,微信,,2,3,无,16,27.75
无,,,35.0,40.0,35.0,40.0,1,2,2,1,3,3,1,1,2,2,2,2,2,1,3,2,1,2,3,2,2026/8/7 15:52:46,87秒,微信,,1,3,无,16,37.5
无,,,30.0,45.0,45.0,45.0,2,2,2,2,2,3,3,1,2,1,1,2,2,2,3,3,2,3,1,1,2026/8/7 15:53:25,104秒,微信,,2,1,无,16,41.25
无,,,30.0,45.0,25.0,45.0,2,1,1,1,1,3,3,2,1,2,1,2,2,2,3,2,2,3,2,2,2026/8/7 15:53:37,82秒,微信,,2,2,无,16,36.25
无,,,25.0,20.0,20.0,45.0,2,1,1,1,2,3,2,2,1,1,1,1,1,1,1,1,2,2,1,1,2026/8/7 15:54:20,84秒,微信,,2,1,无,16,26.25
无,,,35.0,30.0,45.0,30.0,1,2,2,2,1,2,2,1,1,3,2,1,1,2,2,3,1,3,1,1,2026/8/7 15:55:47,116秒,微信,,1,1,无,16,35.0
无,,,25.0,35.0,30.0,30.0,1,1,2,1,1,2,2,1,1,1,2,2,2,1,2,2,2,3,1,2,2026/8/7 15:56:20,88秒,微信,,2,1,无,16,30.25
无,,,40.0,30.0,30.0,40.0,2,2,2,1,3,1,2,2,2,3,1,2,1,1,2,1,2,2,1,1,2026/8/7 15:56:52,83秒,微信,,2,1,无,16,34.5
无,,,25.0,25.0,25.0,40.0,1,1,1,1,3,2,1,2,1,1,2,1,2,1,1,2,1,2,1,2,2026/8/7 15:57:44,94秒,微信,,1,1,无,16,28.0
无,,,25.0,30.0,30.0,30.0,2,2,1,2,3,1,1,1,1,1,1,1,1,2,2,1,1,2,2,1,2026/8/7 15:59:03,111秒,微信,,1,2,无,16,28.75
无,,,30.0,45.0,35.0,25.0,2,2,2,2,1,2,1,1,1,1,2,2,2,2,3,1,1,2,1,1,2026/8/7 16:00:28,84秒,微信,,1,1,无,16,34.75
无,,,40.0,30.0,35.0,20.0,2,2,2,2,1,1,1,1,2,2,2,1,1,1,3,1,1,3,1,2,2026/8/7 16:01:21,87秒,微信,,1,1,无,16,31.75
无,,,35.0,20.0,30.0,30.0,1,1,2,1,3,1,1,1,2,3,1,1,1,1,1,2,2,1,1,1,2026/8/7 16:02:54,121秒,微信,,2,1,无,16,28.25
无,,,35.0,35.0,25.0,40.0,2,2,1,1,2,2,2,2,2,2,1,1,2,1,3,1,2,3,1,1,2026/8/7 16:04:29,119秒,微信,,2,1,无,16,33.5
无,,,35.0,30.0,25.0,35.0,2,1,2,1,3,1,2,1,2,2,1,1,1,1,3,1,2,3,2,1,2026/8/7 16:04:34,148秒,微信,,2,2,无,16,31.0
无,,,30.0,35.0,30.0,35.0,1,2,2,1,2,2,1,2,1,3,1,2,2,1,2,1,2,1,2,1,2026/8/7 16:05:05,130秒,微信,,2,2,无,16,32.5
无,,,35.0,30.0,25.0,30.0,1,1,2,1,1,2,2,1,2,3,1,2,2,1,1,1,2,2,1,1,2026/8/7 16:05:07,106秒,微信,,2,1,无,16,30.0
(空),,,20.0,20.0,20.0,20.0,1,1,1,1,1,1,1,1,1,1,1,1,1,1,1,1,1,1,1,1,2026/8/7 16:05:24,48秒,微信,,1,1,(空),16,20.0
无,,,40.0,45.0,40.0,25.0,2,2,2,2,1,2,1,1,2,3,1,2,2,2,3,2,1,1,1,1,2026/8/7 16:06:00,125秒,微信,,1,1,无,16,38.5
无,,,40.0,35.0,25.0,35.0,1,1,2,1,2,1,2,2,2,3,2,1,2,2,2,1,2,3,1,2,2026/8/7 16:06:16,98秒,微信,,2,1,无,16,33.75
无,,,35.0,40.0,45.0,40.0,1,3,1,2,2,2,3,1,2,1,3,1,3,2,2,3,2,3,2,1,2026/8/7 16:06:51,167秒,手机提交,直接访问,2,2,无,16,40.0
无,,,30.0,30.0,35.0,35.0,1,1,2,2,3,1,2,1,1,2,2,1,2,1,2,2,1,2,1,1,2026/8/7 16:07:04,90秒,微信,,1,1,无,16,32.25
无,,,40.0,30.0,35.0,30.0,2,2,2,1,2,1,2,1,2,3,1,1,1,2,2,2,1,3,1,1,2026/8/7 16:07:24,135秒,微信,,1,1,无,16,33.75
无,,,25.0,30.0,30.0,40.0,1,1,2,1,2,2,2,2,1,2,1,1,1,2,2,2,1,1,2,2,2026/8/7 16:08:06,112秒,微信,,1,2,无,16,30.75
无,,,25.0,30.0,30.0,40.0,2,1,2,2,2,2,2,2,1,1,1,2,1,1,2,1,1,2,2,1,2026/8/7 16:08:21,94秒,微信,,1,2,无,16,30.75
无,,,35.0,30.0,30.0,40.0,2,1,2,1,3,2,2,1,1,2,2,1,2,1,2,2,1,3,2,1,2026/8/7 16:08:59,87秒,微信,,1,2,无,16,33.25
无,,,25.0,30.0,25.0,25.0,1,2,1,1,1,1,1,2,1,1,2,1,1,1,3,1,2,2,1,1,2026/8/7 16:09:55,107秒,微信,,2,1,无,16,26.5
无,,,25.0,25.0,25.0,40.0,2,2,1,1,2,2,2,2,1,1,1,1,1,1,2,1,2,2,2,1,2026/8/7 16:10:14,80秒,微信,,2,2,无,16,28.0
无,,,35.0,25.0,35.0,45.0,2,1,2,2,3,2,2,2,1,3,1,2,1,1,1,2,2,1,2,1,2026/8/7 16:10:43,134秒,微信,,2,2,无,16,34.0
无,,,25.0,40.0,35.0,25.0,1,2,2,2,1,1,2,1,1,2,1,2,2,1,3,1,1,2,1,1,2026/8/7 16:11:50,100秒,微信,,1,1,无,16,32.0
无,,,35.0,35.0,30.0,35.0,1,1,2,2,2,1,2,2,2,2,2,1,1,2,3,1,1,2,2,1,2026/8/7 16:12:37,107秒,微信,,1,2,无,16,33.75
无,,,30.0,35.0,25.0,40.0,1,1,2,1,2,2,2,2,1,2,2,2,1,2,2,1,1,1,2,1,2026/8/7 16:13:08,119秒,微信,,1,2,无,16,32.25
无,,,35.0,35.0,20.0,25.0,1,1,1,1,1,1,2,1,2,3,1,1,2,2,2,1,2,2,2,1,2026/8/7 16:13:23,101秒,微信,,2,2,无,16,29.25
无,,,25.0,30.0,30.0,25.0,1,1,2,2,1,1,2,1,2,1,1,1,2,1,2,1,2,1,1,1,2026/8/7 16:13:40,95秒,微信,,2,1,无,16,27.75
无,,,35.0,40.0,40.0,25.0,1,2,2,2,1,2,1,1,2,2,2,2,2,1,3,2,1,2,2,1,2026/8/7 16:14:35,94秒,微信,,1,2,无,16,35.75
无,,,45.0,40.0,25.0,20.0,2,1,2,1,1,1,1,1,2,3,2,2,1,2,3,1,1,2,2,2,2026/8/7 16:16:03,142秒,微信,,1,2,无,16,33.5
无,,,35.0,30.0,30.0,35.0,2,1,2,1,2,2,1,2,2,2,1,1,1,1,3,2,1,2,1,1,2026/8/7 16:17:42,122秒,微信,,1,1,无,16,32.25
无,,,25.0,40.0,30.0,30.0,1,1,2,1,2,1,1,2,1,1,2,2,1,2,3,2,1,1,1,1,2026/8/7 16:18:32,109秒,微信,,1,1,无,16,31.75
无,,,20.0,25.0,20.0,25.0,1,1,1,1,1,1,1,2,1,1,1,1,1,2,1,1,1,1,1,1,2026/8/7 16:20:17,124秒,微信,,1,1,无,16,22.5
无,,,30.0,20.0,35.0,20.0,2,1,2,2,1,1,1,1,1,2,1,1,1,1,1,2,2,2,2,1,2026/8/7 16:20:43,93秒,微信,,2,2,无,16,26.25
无,,,40.0,35.0,30.0,35.0,2,2,1,1,2,2,1,2,2,2,2,2,1,2,2,2,2,2,1,2,2026/8/7 16:20:45,114秒,微信,,2,1,无,16,35.0
无,,,30.0,35.0,20.0,25.0,1,1,1,1,2,1,1,1,1,2,2,1,2,2,2,1,2,1,1,2,2026/8/7 16:22:33,118秒,微信,,2,1,无,16,28.0
无,,,35.0,40.0,20.0,25.0,2,1,1,1,1,2,1,1,1,2,2,2,2,2,2,1,2,1,1,1,2026/8/7 16:22:43,101秒,微信,,2,1,无,16,30.75
无,,,30.0,35.0,30.0,30.0,2,1,2,1,2,1,1,2,2,1,1,1,2,2,2,2,1,1,1,1,2026/8/7 16:22:58,76秒,微信,,1,1,无,16,31.5
无,,,35.0,30.0,30.0,25.0,1,2,1,1,1,2,1,1,2,2,2,2,1,1,2,2,1,1,2,1,2026/8/7 16:24:24,125秒,微信,,1,2,无,16,30.25
无,,,30.0,20.0,40.0,35.0,1,2,2,2,2,2,1,2,2,2,1,1,1,1,1,2,2,1,1,2,2026/8/7 16:25:00,133秒,微信,,2,1,无,16,30.5
无,,,35.0,25.0,30.0,25.0,2,1,2,1,1,1,1,2,2,1,2,1,1,2,1,2,1,2,1,1,2026/8/7 16:26:26,110秒,微信,,1,1,无,16,28.75
无,,,30.0,30.0,30.0,25.0,1,2,1,2,2,1,1,1,2,2,1,1,2,2,1,1,2,2,2,1,2026/8/7 16:27:17,82秒,微信,,2,2,无,16,29.0
无,,,30.0,30.0,20.0,30.0,1,1,1,1,2,2,1,1,2,1,2,2,2,1,1,1,2,2,1,1,2026/8/7 16:27:33,81秒,微信,,2,1,无,16,27.5
无,,,25.0,30.0,30.0,25.0,1,2,1,2,1,2,1,1,1,1,2,2,1,2,1,1,1,1,2,2,2026/8/7 16:28:28,70秒,微信,,1,2,无,16,27.75
无,,,30.0,35.0,30.0,25.0,1,1,2,2,2,1,1,1,1,2,2,1,2,2,2,1,1,2,1,2,2026/8/7 16:29:46,109秒,微信,,1,1,无,16,30.5
无,,,20.0,25.0,30.0,25.0,1,1,2,2,1,2,1,1,1,1,1,1,1,2,1,1,1,2,1,2,2026/8/7 16:29:57,80秒,微信,,1,1,无,16,25.0
无,,,35.0,30.0,35.0,30.0,1,2,2,2,2,2,1,1,2,2,2,1,2,2,1,1,2,2,2,1,2026/8/7 16:30:36,94秒,微信,,2,2,无,16,32.5
无,,,25.0,25.0,35.0,30.0,2,2,2,2,2,1,1,2,1,1,1,1,2,1,1,1,1,2,1,2,2026/8/7 16:31:24,124秒,微信,,1,1,无,16,28.5
无,,,20.0,30.0,25.0,20.0,1,2,1,1,1,1,1,1,1,1,1,1,2,2,1,1,1,1,1,2,2026/8/7 16:31:25,96秒,微信,,1,1,无,16,24.25
无,,,35.0,30.0,25.0,30.0,2,1,2,1,2,2,1,1,2,1,2,1,2,2,1,1,1,2,1,1,2026/8/7 16:32:42,99秒,微信,,1,1,无,16,30.0
无,,,25.0,30.0,25.0,20.0,1,1,2,1,1,1,1,1,1,1,2,1,2,2,1,1,2,2,2,1,2026/8/7 16:32:46,138秒,微信,,2,2,无,16,25.5
无,,,30.0,30.0,35.0,30.0,2,2,2,2,2,2,1,1,1,2,1,1,2,2,1,1,1,1,2,1,2026/8/7 16:33:26,89秒,微信,,1,2,无,16,31.25
无,,,35.0,25.0,30.0,30.0,1,2,1,2,2,2,1,1,2,2,2,1,2,1,1,1,2,1,1,1,2026/8/7 16:33:56,100秒,微信,,2,1,无,16,29.75
无,,,35.0,35.0,20.0,30.0,1,1,1,1,2,1,1,2,2,2,2,1,2,2,2,1,2,2,2,1,2026/8/7 16:34:18,80秒,微信,,2,2,无,16,30.25
无,,,25.0,25.0,30.0,35.0,1,1,2,2,2,2,1,2,1,1,2,1,1,1,2,1,1,2,1,1,2026/8/7 16:34:55,96秒,微信,,1,1,无,16,28.25
无,,,35.0,35.0,20.0,25.0,2,1,1,1,1,1,1,2,2,2,1,1,2,2,2,1,2,2,2,1,2026/8/7 16:35:16,79秒,微信,,2,2,无,16,29.25
无,,,30.0,25.0,25.0,35.0,1,1,2,1,2,2,1,2,2,1,2,1,2,1,1,1,2,2,1,1,2026/8/7 16:35:49,85秒,微信,,2,1,无,16,28.25
无,,,20.0,30.0,20.0,20.0,1,1,1,1,1,1,1,1,1,1,1,1,2,1,2,1,1,1,1,1,2026/8/7 16:36:40,109秒,微信,,1,1,无,16,23.0
无,,,40.0,20.0,25.0,20.0,2,1,2,1,1,1,1,1,2,2,2,1,1,1,1,1,1,2,1,1,2026/8/7 16:37:40,128秒,微信,,1,1,无,16,26.25
无,,,30.0,25.0,25.0,25.0,1,1,1,2,2,1,1,1,1,2,2,1,2,1,1,1,1,2,1,1,2026/8/7 16:38:18,102秒,微信,,1,1,无,16,26.25
无,,,30.0,25.0,20.0,25.0,2,1,1,1,1,1,1,2,1,1,2,1,1,1,2,1,2,1,1,1,2026/8/7 16:38:23,134秒,微信,,2,1,无,16,25.0
无,,,30.0,25.0,25.0,20.0,2,1,2,1,1,1,1,1,2,1,1,1,2,1,1,1,1,1,1,1,2026/8/7 16:39:16,98秒,微信,,1,1,无,16,25.25
无,,,35.0,25.0,25.0,20.0,2,1,2,1,1,1,1,1,2,1,2,1,1,1,2,1,1,1,1,1,2026/8/7 16:40:43,88秒,微信,,1,1,无,16,26.5
无,,,25.0,35.0,20.0,20.0,2,1,1,1,1,1,1,1,1,1,1,1,2,2,2,1,1,2,1,1,2026/8/7 16:42:14,81秒,微信,,1,1,无,16,25.75
无,,,30.0,25.0,25.0,25.0,1,1,1,2,1,1,1,2,2,2,1,1,2,1,1,1,2,2,1,1,2026/8/7 16:42:21,123秒,微信,,2,1,无,16,26.25
无,,,30.0,25.0,20.0,20.0,2,1,1,1,1,1,1,1,1,2,1,1,1,1,2,1,2,1,1,1,2026/8/7 16:43:17,98秒,微信,,2,1,无,16,24.0
无,,,35.0,30.0,20.0,30.0,2,1,1,1,2,1,1,2,2,2,1,1,2,1,2,1,1,1,1,1,2026/8/7 16:43:53,97秒,微信,,1,1,无,16,28.75
无,,,20.0,30.0,20.0,25.0,1,1,1,1,2,1,1,1,1,1,1,1,1,2,2,1,1,1,1,1,2026/8/7 16:44:27,90秒,微信,,1,1,无,16,24.0
无,,,35.0,35.0,25.0,20.0,2,1,1,2,1,1,1,1,2,2,1,1,2,2,2,1,1,1,1,1,2026/8/7 16:45:40,107秒,微信,,1,1,无,16,29.5
无,,,30.0,25.0,30.0,25.0,2,1,2,2,1,1,1,2,2,1,1,1,1,2,1,1,2,1,1,1,2026/8/7 16:46:00,71秒,微信,,2,1,无,16,27.5
无,,,30.0,20.0,25.0,25.0,2,1,1,2,2,1,1,1,1,2,1,1,1,1,1,1,2,1,1,1,2026/8/7 16:47:41,131秒,微信,,2,1,无,16,24.75
无,,,30.0,30.0,20.0,20.0,2,1,1,1,1,1,1,1,2,1,1,1,2,1,2,1,2,1,1,1,2026/8/7 16:48:06,115秒,微信,,2,1,无,16,25.5
无,,,30.0,20.0,30.0,25.0,1,1,2,2,2,1,1,1,2,2,1,1,1,1,1,1,2,1,1,1,2026/8/7 16:48:58,111秒,微信,,2,1,无,16,26.0
无,,,30.0,25.0,20.0,20.0,2,1,1,1,1,1,1,1,2,1,1,1,1,1,2,1,2,1,1,1,2026/8/7 16:49:53,115秒,微信,,2,1,无,16,24.0
无,,,30.0,25.0,25.0,30.0,2,1,2,1,2,1,1,2,2,1,1,1,2,1,1,1,2,1,1,1,2026/8/7 16:50:30,90秒,微信,,2,1,无,16,27.25
无,,,30.0,20.0,30.0,25.0,2,1,2,2,2,1,1,1,2,1,1,1,1,1,1,1,1,1,1,1,2026/8/7 16:51:47,123秒,微信,,1,1,无,16,26.0
无,,,25.0,30.0,25.0,25.0,2,1,2,1,1,1,1,2,1,1,1,1,2,1,2,1,1,1,1,1,2026/8/7 16:52:13,89秒,微信,,1,1,无,16,26.5
无,,,25.0,25.0,20.0,25.0,2,1,1,1,1,1,1,2,1,1,1,1,1,1,2,1,1,1,1,1,2026/8/7 16:53:33,84秒,微信,,1,1,无,16,23.75
无,,,30.0,20.0,25.0,20.0,2,1,1,2,1,1,1,1,2,1,1,1,1,1,1,1,2,1,1,1,2026/8/7 16:55:08,103秒,微信,,2,1,无,16,23.75
无,,,25.0,20.0,30.0,25.0,2,1,2,2,1,1,1,2,1,1,1,1,1,1,1,1,2,1,1,1,2026/8/7 16:55:16,90秒,微信,,2,1,无,16,24.75
无,,,30.0,25.0,20.0,20.0,2,1,1,1,1,1,1,1,2,1,1,1,2,1,1,1,2,1,1,1,2026/8/7 16:58:12,99秒,微信,,2,1,无,16,24.0
无,,,25.0,25.0,20.0,25.0,2,1,1,1,1,1,1,2,1,1,1,1,2,1,1,1,1,1,1,1,2026/8/7 16:58:51,101秒,微信,,1,1,无,16,23.75
无,,,25.0,20.0,20.0,20.0,2,1,1,1,1,1,1,1,1,1,1,1,1,1,1,1,1,1,1,1,2026/8/7 17:00:11,103秒,微信,,1,1,无,16,21.25
无,,,20.0,20.0,20.0,25.0,1,1,1,1,1,1,1,2,1,1,1,1,1,1,1,1,1,1,1,1,2026/8/7 17:00:32,105秒,微信,,1,1,无,16,21.0
无,,,20.0,20.0,20.0,25.0,1,1,1,1,1,1,1,2,1,1,1,1,1,1,1,1,1,1,1,1,2026/8/7 17:00:47,87秒,微信,,1,1,无,16,21.0
无,,,25.0,20.0,20.0,25.0,2,1,1,1,1,1,1,2,1,1,1,1,1,1,1,1,1,1,1,1,2026/8/7 17:02:16,102秒,微信,,1,1,无,16,22.25
无,,,25.0,25.0,20.0,25.0,2,1,1,1,1,1,1,2,1,1,1,1,2,1,1,1,1,1,1,1,2026/8/7 17:03:04,125秒,微信,,1,1,无,16,23.75
无,,,25.0,25.0,20.0,25.0,2,1,1,1,1,1,1,2,1,1,1,1,2,1,1,1,1,1,1,1,2026/8/7 17:03:11,79秒,微信,,1,1,无,16,23.75
无,,,25.0,25.0,20.0,25.0,2,1,1,1,1,1,1,2,1,1,1,1,2,1,1,1,1,1,1,1,2026/8/7 17:03:49,112秒,微信,,1,1,无,16,23.75
无,,,25.0,25.0,30.0,30.0,1,2,1,1,2,2,1,1,1,1,2,2,1,1,1,2,2,1,1,1,2026/8/7 17:04:01,88秒,微信,,2,1,无,16,27.25
无,,,25.0,20.0,20.0,25.0,2,1,1,1,1,1,1,2,1,1,1,1,1,1,1,1,1,1,1,1,2026/8/7 17:04:41,124秒,微信,,1,1,无,16,22.25
无,,,20.0,20.0,20.0,20.0,1,1,1,1,1,1,1,1,1,1,1,1,1,1,1,1,1,1,1,1,2026/8/7 17:05:30,98秒,微信,,1,1,无,16,20.0
好,,,30.0,35.0,35.0,35.0,1,2,2,1,2,2,2,1,1,2,2,1,2,2,2,2,2,2,2,2,2026/8/7 17:06:32,37秒,微信,,2,2,好,16,33.75
无,,,20.0,20.0,20.0,20.0,1,1,1,1,1,1,1,1,1,1,1,1,1,1,1,1,1,1,1,1,2026/8/7 17:07:02,85秒,微信,,1,1,无,16,20.0
无,,,20.0,20.0,20.0,25.0,1,1,1,1,1,1,1,2,1,1,1,1,1,1,1,1,1,1,1,1,2026/8/7 17:07:28,135秒,微信,,1,1,无,16,21.0
无,,,20.0,20.0,20.0,20.0,1,1,1,1,1,1,1,1,1,1,1,1,1,1,1,1,1,1,1,1,2026/8/7 17:08:20,102秒,微信,,1,1,无,16,20.0
无,,,20.0,20.0,20.0,20.0,1,1,1,1,1,1,1,1,1,1,1,1,1,1,1,1,1,1,1,1,2026/8/7 17:09:35,81秒,微信,,1,1,无,16,20.0
无,,,20.0,20.0,20.0,20.0,1,1,1,1,1,1,1,1,1,1,1,1,1,1,1,1,1,1,1,1,2026/8/7 17:10:05,77秒,微信,,1,1,无,16,20.0
无,,,20.0,20.0,20.0,20.0,1,1,1,1,1,1,1,1,1,1,1,1,1,1,1,1,1,1,1,1,2026/8/7 17:12:57,135秒,微信,,1,1,无,16,20.0
无,,,20.0,20.0,20.0,20.0,1,1,1,1,1,1,1,1,1,1,1,1,1,1,1,1,1,1,1,1,2026/8/7 17:15:18,99秒,微信,,1,1,无,16,20.0
无,,,20.0,20.0,20.0,20.0,1,1,1,1,1,1,1,1,1,1,1,1,1,1,1,1,1,1,1,1,2026/8/7 17:15:44,70秒,微信,,1,1,无,16,20.0
无,,,20.0,20.0,20.0,20.0,1,1,1,1,1,1,1,1,1,1,1,1,1,1,1,1,1,1,1,1,2026/8/7 17:16:54,78秒,微信,,1,1,无,16,20.0
无,,,20.0,20.0,20.0,20.0,1,1,1,1,1,1,1,1,1,1,1,1,1,1,1,1,1,1,1,1,2026/8/7 17:16:54,108秒,微信,,1,1,无,16,20.0
无,,,20.0,20.0,20.0,20.0,1,1,1,1,1,1,1,1,1,1,1,1,1,1,1,1,1,1,1,1,2026/8/7 17:17:48,102秒,微信,,1,1,无,16,20.0
无,,,20.0,20.0,20.0,20.0,1,1,1,1,1,1,1,1,1,1,1,1,1,1,1,1,1,1,1,1,2026/8/7 17:19:09,95秒,微信,,1,1,无,16,20.0
无,,,20.0,20.0,20.0,20.0,1,1,1,1,1,1,1,1,1,1,1,1,1,1,1,1,1,1,1,1,2026/8/7 17:19:22,117秒,微信,,1,1,无,16,20.0
无,,,20.0,20.0,20.0,20.0,1,1,1,1,1,1,1,1,1,1,1,1,1,1,1,1,1,1,1,1,2026/8/7 17:19:52,107秒,微信,,1,1,无,16,20.0
无,,,20.0,20.0,20.0,20.0,1,1,1,1,1,1,1,1,1,1,1,1,1,1,1,1,1,1,1,1,2026/8/7 17:20:39,124秒,微信,,1,1,无,16,20.0
无,,,20.0,20.0,20.0,20.0,1,1,1,1,1,1,1,1,1,1,1,1,1,1,1,1,1,1,1,1,2026/8/7 17:20:50,92秒,微信,,1,1,无,16,20.0
无,,,20.0,20.0,20.0,20.0,1,1,1,1,1,1,1,1,1,1,1,1,1,1,1,1,1,1,1,1,2026/8/7 17:22:38,125秒,微信,,1,1,无,16,20.0
无,,,20.0,20.0,20.0,20.0,1,1,1,1,1,1,1,1,1,1,1,1,1,1,1,1,1,1,1,1,2026/8/7 17:22:38,98秒,微信,,1,1,无,16,20.0
无,,,20.0,20.0,20.0,20.0,1,1,1,1,1,1,1,1,1,1,1,1,1,1,1,1,1,1,1,1,2026/8/7 17:22:39,80秒,微信,,1,1,无,16,20.0
无,,,20.0,20.0,20.0,20.0,1,1,1,1,1,1,1,1,1,1,1,1,1,1,1,1,1,1,1,1,2026/8/7 17:24:03,111秒,微信,,1,1,无,16,20.0
无,,,20.0,20.0,20.0,20.0,1,1,1,1,1,1,1,1,1,1,1,1,1,1,1,1,1,1,1,1,2026/8/7 17:25:35,109秒,微信,,1,1,无,16,20.0
无,,,20.0,20.0,20.0,20.0,1,1,1,1,1,1,1,1,1,1,1,1,1,1,1,1,1,1,1,1,2026/8/7 17:25:55,99秒,微信,,1,1,无,16,20.0
无,,,20.0,20.0,20.0,20.0,1,1,1,1,1,1,1,1,1,1,1,1,1,1,1,1,1,1,1,1,2026/8/7 17:26:34,107秒,微信,,1,1,无,16,20.0
无,,,20.0,20.0,20.0,20.0,1,1,1,1,1,1,1,1,1,1,1,1,1,1,1,1,1,1,1,1,2026/8/7 17:26:57,77秒,微信,,1,1,无,16,20.0
无,,,20.0,20.0,20.0,20.0,1,1,1,1,1,1,1,1,1,1,1,1,1,1,1,1,1,1,1,1,2026/8/7 17:27:41,133秒,微信,,1,1,无,16,20.0
无,,,20.0,20.0,20.0,20.0,1,1,1,1,1,1,1,1,1,1,1,1,1,1,1,1,1,1,1,1,2026/8/7 17:27:43,99秒,微信,,1,1,无,16,20.0
无,,,20.0,20.0,20.0,20.0,1,1,1,1,1,1,1,1,1,1,1,1,1,1,1,1,1,1,1,1,2026/8/7 17:28:33,95秒,微信,,1,1,无,16,20.0
无,,,20.0,20.0,20.0,20.0,1,1,1,1,1,1,1,1,1,1,1,1,1,1,1,1,1,1,1,1,2026/8/7 17:29:12,156秒,微信,,1,1,无,16,20.0
无,,,20.0,20.0,20.0,20.0,1,1,1,1,1,1,1,1,1,1,1,1,1,1,1,1,1,1,1,1,2026/8/7 17:29:56,125秒,微信,,1,1,无,16,20.0
无,,,20.0,20.0,20.0,20.0,1,1,1,1,1,1,1,1,1,1,1,1,1,1,1,1,1,1,1,1,2026/8/7 17:30:08,104秒,微信,,1,1,无,16,20.0
无,,,20.0,20.0,20.0,20.0,1,1,1,1,1,1,1,1,1,1,1,1,1,1,1,1,1,1,1,1,2026/8/7 17:30:51,129秒,微信,,1,1,无,16,20.0
无,,,20.0,20.0,20.0,20.0,1,1,1,1,1,1,1,1,1,1,1,1,1,1,1,1,1,1,1,1,2026/8/7 17:31:08,67秒,微信,,1,1,无,16,20.0
无,,,20.0,20.0,20.0,20.0,1,1,1,1,1,1,1,1,1,1,1,1,1,1,1,1,1,1,1,1,2026/8/7 17:32:43,108秒,微信,,1,1,无,16,20.0
无,,,20.0,20.0,20.0,20.0,1,1,1,1,1,1,1,1,1,1,1,1,1,1,1,1,1,1,1,1,2026/8/7 17:32:58,105秒,微信,,1,1,无,16,20.0
无,,,20.0,20.0,20.0,20.0,1,1,1,1,1,1,1,1,1,1,1,1,1,1,1,1,1,1,1,1,2026/8/7 17:34:21,86秒,微信,,1,1,无,16,20.0
无,,,20.0,20.0,20.0,20.0,1,1,1,1,1,1,1,1,1,1,1,1,1,1,1,1,1,1,1,1,2026/8/7 17:34:23,115秒,微信,,1,1,无,16,20.0
无,,,20.0,20.0,20.0,20.0,1,1,1,1,1,1,1,1,1,1,1,1,1,1,1,1,1,1,1,1,2026/8/7 17:35:06,114秒,微信,,1,1,无,16,20.0
